"","FIPS","State","County","Age65AndOlderNum2020","Age65AndOlderPct2020","AsianNonHispanicNum2020","AsianNonHispanicPct2020","AvgHHSize","BlackNonHispanicNum2020","BlackNonHispanicPct2020","Deep_Pov_All","Deep_Pov_Children","Ed1LessThanHSNum","Ed1LessThanHSPct","Ed2HSDiplomaOnlyNum","Ed2HSDiplomaOnlyPct","Ed3SomeCollegeNum","Ed3SomeCollegePct","Ed4AssocDegreeNum","Ed4AssocDegreePct","Ed5CollegePlusNum","Ed5CollegePlusPct","ESTIMATESBASE2020","FemaleHHNum","FemaleHHPct","ForeignBornAfricaNum","ForeignBornAfricaPct","ForeignBornAsiaNum","ForeignBornAsiaPct","ForeignBornCaribNum","ForeignBornCaribPct","ForeignBornCentralSouthAmNum","ForeignBornCentralSouthAmPct","ForeignBornEuropeNum","ForeignBornEuropePct","ForeignBornMexNum","ForeignBornMexPct","ForeignBornNum","ForeignBornPct","HH65PlusAloneNum","HH65PlusAlonePct","HispanicNum2020","HispanicPct2020","HispanicPopChangeRate1020","LandAreaSQMiles2020","MedHHInc","Median_HH_Inc_ACS","MultipleRaceNum2020","MultipleRacePct2020","MultipleRacePopChangeRate1020","NativeAmericanNonHispanicNum2020","NativeAmericanNonHispanicPct2020","Natural_Change_Rate_2020_2021","NaturalChange1019","NaturalChangeRate1019","NaturalChg2020_2021","Net_InterMigration_2020_2021","Net_InterMigrationRate_2020_2021","Net_International_Migration_2010_2019","Net_International_Migration_Rate_2010_2019","Net_Migration_2020_2021","Net_Migration_Rate_2020_2021","NetMigration1019","NetMigrationRate1019","NonEnglishHHNum","NonEnglishHHPct","NonHispAsianPopChangeRate1020","NonHispBlackPopChangeRate1020","NonHispNatAmerPopChangeRate1020","NonHispWhitePopChangeRate1020","Num_inPOV_0_17_ACS","NumAll_inPOV_ACS","NumCivEmployed","NumCivLaborforce2007","NumCivLaborForce2008","NumCivLaborForce2009","NumCivLaborforce2010","NumCivLaborForce2011","NumCivLaborForce2012","NumCivLaborforce2013","NumCivLaborforce2014","NumCivLaborforce2015","NumCivLaborforce2016","NumCivLaborforce2017","NumCivLaborforce2018","NumCivLaborforce2019","NumCivLaborForce2020","NumCivLaborforce2021","NumEmployed2007","NumEmployed2008","NumEmployed2009","NumEmployed2010","NumEmployed2011","NumEmployed2012","NumEmployed2013","NumEmployed2014","NumEmployed2015","NumEmployed2016","NumEmployed2017","NumEmployed2018","NumEmployed2019","NumEmployed2020","NumEmployed2021","NumUnemployed2007","NumUnemployed2008","NumUnemployed2009","NumUnemployed2010","NumUnemployed2011","NumUnemployed2012","NumUnemployed2013","NumUnemployed2014","NumUnemployed2015","NumUnemployed2016","NumUnemployed2017","NumUnemployed2018","NumUnemployed2019","NumUnemployed2020","NumUnemployed2021","OwnHomeNum","OwnHomePct","PctEmpAgriculture","PctEmpChange0710","PctEmpChange0721","PctEmpChange1021","PctEmpChange1920","PctEmpChange2021","PctEmpConstruction","PctEmpFIRE","PctEmpGovt","PctEmpInformation","PctEmpManufacturing","PctEmpMining","PctEmpServices","PctEmpTrade","PctEmpTrans","PCTPOV017","PCTPOVALL","PerCapitaInc","Pop_change_Rate_2020_2021","PopChangeRate1019","PopChangeRate1020","PopDensity2020","POPESTIMATE2020","POPESTIMATE2021","POV017","POVALL","Poverty_Rate_0_17_ACS","Poverty_Rate_ACS","TotalHH","TotalOccHU","TotalPop2020","TotalPop25Plus","TotalPopACS","TotalPopEst2010","TotalPopEst2011","TotalPopEst2012","TotalPopEst2013","TotalPopEst2014","TotalPopEst2015","TotalPopEst2016","TotalPopEst2017","TotalPopEst2018","TotalPopEst2019","TotalPopEstBase2010","Under18Num2020","Under18Pct2020","UnempRate2007","UnempRate2008","UnempRate2009","UnempRate2010","UnempRate2011","UnempRate2012","UnempRate2013","UnempRate2014","UnempRate2015","UnempRate2016","UnempRate2017","UnempRate2018","UnempRate2019","UnempRate2020","UnempRate2021","WhiteNonHispanicNum2020","WhiteNonHispanicPct2020"
"1",5000,"AR","Arkansas",516321,17.14484095,51210,1.700467936,2.53,449884,14.93874862,6.657135479,9.283018868,248721,12.30506261,688732,34.07388351,437893,21.66403633,154675,7.652291359,491269,24.30472619,3011524,151422,13.07097353,4330,0.144030437,34471,1.146621987,2234,0.074310392,88206,2.934029736,9781,0.325349124,60059,1.997765366,148159,4.928269183,136472,11.78046717,256847,8.528804685,38.05267401,51992.84726,52577,52123,213575,7.091924222,274.6272584,20549,0.68234555,-0.107428644,64229,2.198,-3236,824,0.027355131,22379,0.766,16895,0.560879773,31611,1.082,18054,1.558448285,43.6586529,0.622229379,1.813407323,-5.057307006,151704,468113,1310863,1350811,1357716,1353340,1353635,1357819,1349888,1331609,1327959,1339301,1343891,1348088,1351686,1365790,1356579,1332620,1277902,1284175,1248691,1247059,1250431,1251883,1237609,1249766,1272785,1290430,1297854,1302629,1318465,1274070,1278984,72909,73541,104649,106576,107388,98005,94000,78193,66516,53461,50234,49057,47325,82509,53636,765297,66.06158176,2.17452167,-2.4,0.1,2.6,-3.4,0.4,7.140563125,4.985418003,4.45691121,1.296855583,13.2457015,0.408356937,44.85365748,15.43395458,6.004059921,21.8,16,29210,0.453451129,3.28,3.278761611,57.92189038,3012232,3025891,150353,471195,21.89169883,16.01078757,1158460,1158460,3011524,2021290,3006309,2921964,2940667,2952164,2959400,2967392,2978048,2989918,3001345,3009733,3017804,2916031,699251,23.21917408,5.4,5.4,7.7,7.9,7.9,7.3,7.1,5.9,5,4,3.7,3.6,3.5,6.1,4,2063550,68.52178498
"2",5001,"AR","Arkansas",3408,19.87287889,94,0.548136918,2.58,4138,24.12968686,4.95969877,3.45704118,1596,13.31331331,5020,41.87520854,1962,16.36636637,1423,11.87020354,1987,16.57490824,17149,644,9.764973465,20,0.115787646,8,0.046315058,0,0,124,0.717883402,8,0.046315058,104,0.602095756,167,0.96682684,849,12.87338893,636,3.70867106,23.97660819,992.1405999,50928,55022,743,4.332614147,198.3935743,34,0.198262289,-0.438468284,-7,-0.037,-75,1,0.005846244,45,0.237,-308,-1.800643087,-1516,-7.975,46,0.697498105,2.173913043,-10.7034959,9.677419355,-14.32906521,649,2784,7762,11833,11999,12240,11273,10509,9958,9647,9545,9534,9284,8967,9069,9481,9436,9424,10784,10835,10347,9251,9286,9120,8959,9045,9142,8967,8673,8770,9204,9058,9108,1049,1164,1893,2022,1223,838,688,500,392,317,294,299,277,378,316,4400,66.71721001,9.134243752,-14.2,-15.5,-1.5,-1.6,0.6,5.591342438,2.653955166,5.191960835,1.223911363,23.48621489,0.141716053,34.34681783,12.3164133,5.913424375,25.1,17.7,28815,-2.239111371,-8.012,-9.83227299,17.28484854,17105,16722,964,2923,16.49720386,16.37936106,6595,6595,17149,11988,17273,19009,18871,18964,18755,18479,18330,18154,17872,17726,17486,19007,3856,22.48527611,8.9,9.7,15.5,17.9,11.6,8.4,7.1,5.2,4.1,3.4,3.3,3.3,2.9,4,3.4,11575,67.49664703
"3",5003,"AR","Ashley",3988,20.92120449,41,0.215087609,2.65,4644,24.36260623,7.914867045,12.07366985,1988,14.82365223,6823,50.87614645,2193,16.35224815,795,5.927969577,1612,12.0199836,19062,726,10.02900953,0,0,10,0.051647557,0,0,472,2.437764694,3,0.015494267,395,2.040078504,496,2.561718831,1100,15.19546899,1114,5.844087714,4.209541628,925.4916814,44030,42683,707,3.708949743,185.0806452,25,0.131150981,-0.443037975,-63,-0.289,-84,0,0,-34,-0.156,-202,-1.065400844,-2109,-9.661,83,1.146567205,2.5,-17.35184196,-52.83018868,-14.87148514,1286,3957,7064,9359,9342,9302,9896,10004,9490,9154,8736,8397,7966,7865,7826,7707,7178,6801,8586,8638,8334,8949,8953,8394,8204,7962,7771,7477,7424,7417,7300,6506,6301,773,704,968,947,1051,1096,950,774,626,489,441,409,407,672,500,5339,73.75328084,9.385617214,4.2,-26.6,-29.6,-10.9,-3.2,8.578708947,2.36409966,6.228765572,0.70781427,15.57191393,0.311438279,39.38278596,10.58890147,6.8799547,31.2,21.3,25641,-1.508438819,-9.95,-12.77170183,20.59661949,18960,18674,1297,3950,29.24056389,20.59114326,7239,7239,19062,13411,19362,21829,21673,21515,21278,20956,20838,20530,20311,20012,19657,21845,4326,22.69436575,8.3,7.5,10.4,9.6,10.5,11.5,10.4,8.9,7.5,6.1,5.6,5.2,5.3,9.4,7.4,12685,66.54600776
"4",5005,"AR","Baxter",12744,30.61474524,234,0.562135153,2.18,88,0.211401254,4.304902128,4.045441951,3593,11.34583807,10992,34.71011747,7771,24.53896678,3420,10.79954528,5892,18.6055324,41627,1491,7.916113618,2,0.004822066,111,0.26762465,0,0,250,0.602758222,362,0.872793905,120,0.289323946,779,1.878194619,3569,18.9487656,1058,2.541619622,53.77906977,553.9255939,45116,43530,2223,5.34028395,268.0463576,218,0.523698561,-1.293962309,-2936,-7.073,-539,-4,-0.009602689,22,0.053,1028,2.467891009,3358,8.09,34,0.180514999,43.55828221,49.15254237,0.460829493,-4.488289781,1371,5750,15127,17509,17478,17254,16596,16523,16446,16158,16104,16288,16130,16364,16378,16330,16576,16287,16545,16433,15669,15088,15057,15116,14890,15052,15407,15435,15663,15712,15690,15584,15681,964,1045,1585,1508,1466,1330,1268,1052,881,695,701,666,640,992,606,14251,75.66233077,1.203146691,-8.8,-5.2,3.9,-0.7,0.6,7.033780657,5.85707675,3.239241092,0.707344483,17.76294044,0.231374364,43.84874727,16.71183976,3.404508495,18.7,13.4,28726,1.1739287,1.017,0.274612772,75.14908223,41655,42144,1387,5565,18.99418121,14.01652731,18835,18835,41627,31668,41476,41510,41349,41080,40983,40888,41138,41131,41308,41624,41932,41511,7269,17.46222404,5.5,6,9.2,9.1,8.9,8.1,7.8,6.5,5.4,4.3,4.3,4.1,3.9,6,3.7,38049,91.4046172
"5",5007,"AR","Benton",37977,13.35652211,13602,4.783827414,2.73,4523,1.590740435,3.288692691,4.858903845,18811,10.28597988,53695,29.36078303,35039,19.15955818,12124,6.629483815,63211,34.5641951,284333,10204,10.09207885,655,0.234957349,8282,2.970865289,833,0.298808354,20390,7.314168466,1267,0.454490017,12937,4.640676677,33203,11.91036467,7807,7.721370007,50540,17.77493291,47.42000408,847.7207918,78974,76887,31411,11.04725797,431.8489672,3799,1.336109421,0.378204524,16087,7.227,1083,196,0.068446987,5399,2.426,6256,2.184716067,40461,18.177,2770,2.73961764,117.806245,70.87268606,10.43604651,13.06329412,8317,22245,137111,103619,105357,107277,107052,109127,111298,112548,116340,122348,128130,132441,134603,139195,141515,141991,99669,101031,100476,100219,102361,104879,106367,111104,117802,124390,128502,130752,135616,135182,137993,3950,4326,6801,6833,6766,6419,6181,5236,4546,3740,3939,3851,3579,6333,3998,67711,66.96832132,1.116613547,0.6,38.5,37.7,-0.3,2.1,7.493198941,4.665562938,2.174880207,0.829984465,13.17108037,0.267666343,40.08795793,24.73908002,5.453975246,10.9,7.9,39045,2.562920591,25.404,28.46041592,335.4087841,286353,293692,8074,22890,11.49360161,8.075611979,101109,101109,284333,182880,278774,222593,229171,234938,239461,244841,251591,259212,266585,272266,279141,221348,75729,26.63391165,3.8,4.1,6.3,6.4,6.2,5.8,5.5,4.5,3.7,2.9,3,2.9,2.6,4.5,2.8,191761,67.44240028
"6",5009,"AR","Boone",7788,20.8385733,233,0.623444733,2.44,96,0.256869933,5.103148751,6.088738847,2849,10.88817549,8849,33.81869602,7054,26.95864863,2766,10.57096996,4648,17.7635099,37373,1385,9.117840685,0,0,239,0.638269462,0,0,165,0.440646281,126,0.336493524,161,0.429963947,538,1.436773935,1891,12.44897959,973,2.603483798,44.3620178,589.7229408,48700,48625,2328,6.229095871,259.8145286,265,0.709068044,-0.508674234,83,0.225,-190,-2,-0.005354466,-80,-0.217,668,1.788391519,456,1.236,41,0.269914417,52.2875817,50,7.287449393,-3.944335354,1215,4900,16263,16758,16832,16919,16502,16613,16590,16140,15780,15909,15957,15794,15893,16070,15857,15782,15895,15920,15666,15259,15354,15376,15037,14858,15145,15370,15249,15345,15570,15019,15313,863,912,1253,1243,1259,1214,1103,922,764,587,545,548,500,838,469,10703,70.46082949,1.758593126,-4,-3.7,0.4,-3.5,2,8.159626145,4.667035602,2.816208572,1.494189264,11.40625961,0.245957081,43.96482814,11.91047162,13.57683084,19.7,13,25850,1.279717284,1.461,1.273609192,63.37382763,37352,37830,1665,4860,14.64914396,13.30076004,15190,15190,37373,26166,37445,36893,37086,37333,37328,37116,37119,37259,37459,37385,37432,36920,8290,22.18178899,5.1,5.4,7.4,7.5,7.6,7.3,6.8,5.8,4.8,3.7,3.5,3.4,3.1,5.3,3,33753,90.31386295
"7",5011,"AR","Bradley",1992,18.89046942,27,0.256045519,2.81,2921,27.70033191,5.43654194,6.964217007,1151,15.8736726,3111,42.90442698,1575,21.72114191,506,6.978347814,908,12.5224107,10545,513,13.8424177,0,0,0,0,0,0,799,7.539869775,0,0,799,7.539869775,799,7.539869775,507,13.68051808,1575,14.93598862,3.89182058,649.1671066,40454,41972,440,4.172593646,183.8709677,29,0.275011854,-0.009525624,-149,-1.299,-1,1,0.009525624,-19,-0.166,-89,-0.84778053,-558,-4.865,29,0.782514841,8,-7.76760341,93.33333333,-14.49970042,463,1550,3993,5722,5549,5461,5157,4695,4531,4298,4349,4575,4491,4456,4481,4482,4368,4056,5368,5152,4936,4637,4153,4062,3900,4008,4314,4265,4252,4289,4301,4110,3865,354,397,525,520,542,469,398,341,261,226,204,192,181,258,191,2405,64.89476525,11.19459053,-13.6,-28,-16.6,-4.4,-6,8.665164037,5.484598047,3.856749311,0.851490108,19.48409717,0.15026296,38.24192337,9.541697972,2.529426496,26.8,19.6,23162,-0.857306154,-6.164,-8.368091762,16.24389143,10498,10408,677,2011,17.81454406,14.75768828,3706,3706,10545,7251,10597,11470,11432,11266,11120,11007,10999,10959,10813,10838,10763,11505,2688,25.49075391,6.2,7.2,9.6,10.1,11.5,10.4,9.3,7.8,5.7,5,4.6,4.3,4,5.9,4.7,5708,54.12991939
"8",5013,"AR","Calhoun",1022,21.56573117,5,0.105507491,3.16,913,19.26566786,4.459142309,4.714912281,543,15.79406632,1490,43.33915067,681,19.80802792,303,8.813263525,421,12.24549156,4739,92,6.212018906,10,0.207856994,0,0,0,0,66,1.371856163,0,0,57,1.184784868,76,1.579713157,211,14.24713032,127,2.679890272,-16.44736842,628.6005499,49977,55904,208,4.389111627,177.3333333,3,0.063304495,-0.423280423,-153,-2.853,-20,0,0,-2,-0.037,36,0.761904762,-20,-0.373,4,0.270087779,-54.54545455,-23.27731092,-70,-11.1703478,122,466,1866,2603,2580,2572,2701,2642,2536,2453,2397,2429,2396,2410,2441,2437,2416,2392,2425,2422,2358,2474,2402,2317,2259,2244,2300,2286,2316,2349,2332,2289,2312,178,158,214,227,240,219,194,153,129,110,94,92,105,127,80,1255,84.74004051,4.126473741,2,-4.7,-6.5,-1.8,1,11.36120043,1.875669882,8.628081458,0.857449089,12.9153269,4.769560557,34.19078242,14.36227224,6.91318328,19.3,14.6,25482,0.338624339,-3.226,-11.71758569,7.538968906,4725,4741,169,672,13.37719298,9.942393855,1481,1481,4739,3438,4811,5362,5243,5278,5192,5167,5200,5143,5201,5227,5189,5368,958,20.21523528,6.8,6.1,8.3,8.4,9.1,8.6,7.9,6.4,5.3,4.6,3.9,3.8,4.3,5.3,3.3,3499,73.83414222
"9",5015,"AR","Carroll",6640,23.49610757,564,1.995753715,2.5,88,0.311394197,5.208931649,4.97641893,2948,14.79102905,7009,35.16632382,4208,21.1128393,1377,6.908835482,4389,22.02097235,28260,1301,11.6493553,7,0.024863252,110,0.390708248,19,0.06748597,1878,6.670455353,75,0.266391987,1190,4.226752859,2353,8.357604603,1595,14.28187679,4306,15.23708422,23.41645171,629.9379538,49225,53366,2358,8.343949045,280.9369952,253,0.895258316,-0.216296717,26,0.094,-61,14,0.049641869,301,1.092,294,1.042479257,801,2.907,289,2.587750716,252.5,18.91891892,12.94642857,-8.182291215,1066,3982,11779,13830,14082,13961,12601,12852,12539,12360,12641,12711,12891,12990,12604,12830,12735,12708,13223,13454,13122,11711,11968,11778,11637,12001,12138,12432,12554,12204,12439,12013,12279,607,628,839,890,884,761,723,640,573,459,436,400,391,722,429,8485,75.97600287,7.606757789,-11.4,-7.1,4.9,-3.4,2.2,9.406571016,5.356991256,2.292214959,2.046014093,23.77111809,0,34.78223958,10.93471432,3.803378895,24.7,16.8,27416,0.82618254,3.001,2.965823799,44.8615611,28202,28435,1501,4717,17.33615222,14.29494543,11168,11168,28260,19931,28154,27553,27466,27623,27791,27734,27755,27728,27865,28097,28380,27449,6178,21.86128804,4.4,4.5,6,7.1,6.9,6.1,5.8,5.1,4.5,3.6,3.4,3.2,3,5.7,3.4,21175,74.92922859
"10",5017,"AR","Chicot",2210,21.64968652,38,0.372257053,2.43,5387,52.77233542,16.65644799,26.34989201,1537,21.60528535,2725,38.30475119,1443,20.28394715,359,5.046387405,1050,14.7596289,10208,620,15.44593921,0,0,8,0.076886112,0,0,249,2.39308025,35,0.336376742,244,2.34502643,301,2.892839981,744,18.53512706,581,5.69161442,7.195571956,636.97773,34857,33770,341,3.340517241,270.6521739,26,0.254702194,-0.907029478,-178,-1.509,-92,0,0,65,0.551,-32,-0.315488514,-1503,-12.738,21,0.523168909,-28.30188679,-15.12525603,13.04347826,-18.35748792,917,2895,3045,4931,4902,4851,4271,4261,4074,3863,3877,3743,3590,3465,3355,3254,3213,3084,4517,4500,4318,3763,3726,3628,3425,3480,3408,3353,3238,3130,3034,2876,2820,414,402,533,508,535,446,438,397,335,237,227,225,220,337,264,2727,67.93721973,9.392446634,-16.7,-37.6,-25.1,-5.2,-1.9,6.732348112,4.302134647,8.998357964,0.853858785,18.52216749,0,36.22331691,11.95402299,3.02134647,37,27.9,21820,-1.222517993,-14.247,-13.49152542,16.02567801,10143,10019,807,2594,39.6112311,29.58307787,4014,4014,10208,7114,10405,11799,11703,11498,11362,11211,10970,10899,10647,10442,10118,11800,2203,21.58111285,8.4,8.2,11,11.9,12.6,10.9,11.3,10.2,9,6.6,6.6,6.7,6.8,10.5,8.6,3887,38.07797806
"11",5019,"AR","Clark",3551,16.55786627,150,0.699431129,2.38,5068,23.63144642,9.595933399,13.1236176,1193,9.464498215,4037,32.02697342,3196,25.35501785,663,5.259817533,3516,27.89369298,21446,1022,12.68619662,13,0.060271686,68,0.315267282,0,0,243,1.126616904,64,0.296722148,182,0.843803607,408,1.891603691,986,12.23932473,1092,5.091858622,17.92656587,865.9712597,47158,45351,1113,5.18977898,223.5465116,76,0.354378439,-0.346409512,-80,-0.349,-74,8,0.037449677,93,0.406,33,0.154479918,-525,-2.29,87,1.079940417,25,-5.553484905,-9.523809524,-12.88248748,1043,3928,9602,10921,10913,10737,10366,10411,10341,10155,9749,9663,9589,9574,9689,9703,9263,8805,10301,10271,9880,9526,9392,9355,9280,9100,9144,9173,9199,9337,9341,8711,8390,620,642,857,840,1019,986,875,649,519,416,375,352,362,552,415,4803,59.62015889,3.145178088,-7.5,-18.6,-11.9,-6.7,-3.7,5.44678192,3.290981046,3.009789627,0.520724849,11.83086857,0.114559467,53.35346803,13.08060821,6.2070402,24.7,20,23773,-0.191929595,-2.639,-6.73624701,24.76525607,21362,21321,1013,3699,25.63283362,20.37450075,8056,8056,21446,12605,21569,22925,22928,22755,22582,22557,22513,22602,22184,22313,22320,22991,4045,18.86132612,5.7,5.9,8,8.1,9.8,9.5,8.6,6.7,5.4,4.3,3.9,3.6,3.7,6,4.7,14093,65.71388604
"12",5021,"AR","Clay",3093,21.25481034,14,0.096206707,2.37,40,0.274876306,6.780477731,13.16964286,1625,15.70503528,4430,42.81434232,2029,19.60954866,815,7.876679231,1448,13.99439451,14552,699,11.36215865,0,0,7,0.04774572,0,0,15,0.102312257,9,0.061387354,4,0.027283269,31,0.211445331,1105,17.96163849,327,2.247113799,50.69124424,639.2237879,41419,39817,615,4.2262232,204.4554455,44,0.302363936,-0.696167632,-604,-3.763,-101,0,0,-10,-0.062,-57,-0.392886683,-895,-5.576,0,0,-22.22222222,-28.57142857,10,-12.85870193,864,2728,6329,6664,6598,6640,7464,7263,6884,6562,6459,6323,6048,5883,5801,5674,5546,5391,6037,6071,5897,6673,6420,6156,5938,5964,5911,5706,5614,5551,5403,5209,5178,627,527,743,791,843,728,624,495,412,342,269,250,271,337,213,4344,70.61118336,8.058145047,10.5,-14.2,-22.4,-3.6,-0.6,5.150892716,5.593300679,3.397061147,1.106019908,13.66724601,0.426607679,41.57054827,15.64228156,5.387896982,26,17.9,23747,-1.089054315,-9.34,-9.519368277,22.76511024,14508,14350,794,2543,27.55102041,18.77882564,6152,6152,14552,10347,14661,16050,15876,15710,15484,15299,15206,15060,14865,14763,14551,16083,3168,21.77020341,9.4,8,11.2,10.6,11.6,10.6,9.5,7.7,6.5,5.7,4.6,4.3,4.8,6.1,4,13574,93.27927433
"13",5023,"AR","Cleburne",6666,26.97584072,96,0.388490955,2.31,56,0.226619724,5.007537791,8.553885242,2176,11.7532678,7850,42.40034568,3704,20.00648158,1640,8.858161391,3144,16.98174355,24711,833,7.811327832,0,0,32,0.128783001,0,0,141,0.567450097,35,0.140856407,141,0.567450097,222,0.893432067,1684,15.79144786,632,2.557565457,22.24371373,553.959194,50200,48400,1211,4.900651532,231.7808219,112,0.453239448,-0.896006487,-1189,-4.576,-221,0,0,-44,-0.169,571,2.315021285,122,0.469,11,0.103150788,88.23529412,-16.41791045,-11.11111111,-8.620551137,1024,3700,9495,11531,11957,11747,10348,10531,10456,10093,9821,9655,9500,9286,9118,9230,9190,8970,10819,11288,10879,9491,9609,9603,9253,9028,8996,8935,8826,8712,8823,8489,8559,712,669,868,857,922,853,840,793,659,565,460,406,407,701,411,8265,77.50375094,1.158504476,-12.3,-20.9,-9.8,-3.8,0.8,8.899420748,5.79252238,4.928909953,0.421274355,12.59610321,0.989994734,43.40179042,14.50236967,7.309110058,26.2,16.7,28868,1.419014798,-4.106,-4.847901425,44.60797883,24665,25015,1224,4109,21.68113487,15.07558163,10664,10664,24711,18514,24848,25986,25875,25763,25625,25591,25355,25173,25059,24994,24919,25964,4612,18.66375298,6.2,5.6,7.4,8.3,8.8,8.2,8.3,8.1,6.8,5.9,5,4.5,4.4,7.6,4.6,22748,92.05616932
"14",5025,"AR","Cleveland",1585,20.99337748,7,0.092715232,2.75,675,8.940397351,5.943870797,6.955966816,514,9.293075393,2584,46.71849575,1216,21.98517447,293,5.297414572,924,16.70583981,7550,253,9.216757741,0,0,0,0,0,0,0,0,7,0.091719078,0,0,21,0.275157233,451,16.4298725,182,2.410596026,25.51724138,597.9138035,53705,48183,268,3.549668874,312.3076923,21,0.278145695,-0.278366914,-135,-1.556,-21,0,0,-1,-0.012,-9,-0.119300106,-586,-6.753,3,0.109289618,-30,-35.8974359,-8.695652174,-13.05112253,269,933,2992,4124,4083,4025,3884,3867,3767,3620,3481,3371,3349,3327,3264,3245,3252,3108,3885,3845,3703,3570,3551,3500,3353,3249,3184,3198,3182,3141,3121,3055,2985,239,238,322,314,316,267,267,232,187,151,145,123,124,197,123,2250,81.96721311,7.185828877,-8.1,-23.2,-16.4,-2.1,-2.3,4.578877005,5.815508021,5.481283423,0.300802139,16.81149733,0,41.34358289,10.89572193,7.586898396,20.7,14.1,26167,-0.39766702,-8.309,-13.10852802,12.62723817,7544,7514,333,1054,17.16656031,12.35107228,2745,2745,7550,5531,7632,8677,8674,8609,8515,8399,8284,8245,8162,7995,7956,8692,1608,21.29801325,5.8,5.8,8,8.1,8.2,7.1,7.4,6.7,5.5,4.5,4.4,3.8,3.8,6.1,4,6429,85.15231788
"15",5027,"AR","Columbia",3944,17.29748695,163,0.714880926,2.72,7834,34.35814219,13.16175427,23.78733319,1824,12.98128247,5590,39.78364529,2866,20.39712476,939,6.682798377,2832,20.1551491,22801,905,11.65036045,52,0.226609143,37,0.161241121,0,0,228,0.993593934,73,0.318124374,199,0.867215758,390,1.699568571,1197,15.40937178,773,3.390202184,45.02814259,766.0648922,44651,41115,841,3.688434718,228.515625,71,0.311389851,-0.356184864,-128,-0.518,-81,2,0.008794688,248,1.003,12,0.052768128,-1138,-4.603,51,0.65653965,-4.678362573,-13.01354652,14.51612903,-8.999656239,1561,4955,8970,10893,10787,10571,10516,10386,10162,9755,9630,9599,9313,9077,9014,9206,9058,8814,10171,10042,9555,9504,9390,9282,8920,8957,8982,8781,8616,8594,8806,8437,8345,722,745,1016,1012,996,880,835,673,617,532,461,420,400,621,469,5570,71.70442842,2.463768116,-6.6,-18,-12.2,-4.2,-1.1,3.42251951,4.80490524,1.761426979,0.802675585,13.73467113,2.4303233,46.95652174,14.1025641,9.520624303,34.1,23.2,25293,-0.303416736,-5.121,-7.13180189,29.76379708,22741,22672,1600,4777,33.0650286,23.44230496,7768,7768,22801,14051,22947,24723,24709,24413,24284,24049,24115,24026,23695,23586,23457,24552,4847,21.25783957,6.6,6.9,9.6,9.6,9.6,8.7,8.6,7,6.4,5.7,5.1,4.7,4.3,6.9,5.3,13236,58.05008552
"16",5029,"AR","Conway",4040,19.50277577,89,0.429640357,2.43,2190,10.57204924,5.898371019,7.937526744,1706,11.86287463,5896,40.99853974,2790,19.40059801,1303,9.060566025,2686,18.6774216,20715,1405,16.60756501,0,0,103,0.49789723,0,0,421,2.035094504,0,0,386,1.865906125,545,2.634504761,1299,15.35460993,886,4.277093893,17.04095112,551.9170282,47741,45812,1441,6.956311851,242.280285,136,0.656529085,-0.535481692,-54,-0.254,-111,7,0.033769116,-2,-0.009,255,1.230160645,-319,-1.503,49,0.579196218,17.10526316,-7.828282828,-7.482993197,-7.899389722,1349,3883,9044,9936,10107,10223,9023,8995,8739,8698,8667,8682,8468,8229,8163,8300,8413,8231,9445,9553,9463,8183,8146,7968,7917,8061,8161,7983,7834,7812,7950,7903,7889,491,554,760,840,849,771,781,606,521,485,395,351,350,510,342,5673,67.05673759,6.490490933,-13.4,-16.5,-3.6,-0.6,-0.2,8.082706767,2.056612119,5.373728439,1.304732419,17.8460858,0.840336135,41.06590004,11.34453782,5.594869527,25.7,16.9,27435,0.694678952,-1.758,-2.623043294,37.53281552,20729,20873,1175,3494,28.86178862,18.88159494,8460,8460,20715,14381,20687,21219,21128,21141,21088,20995,20936,20874,20810,20825,20846,21267,4731,22.83852281,4.9,5.5,7.4,9.3,9.4,8.8,9,7,6,5.7,4.8,4.3,4.2,6.1,4.2,16148,77.95317403
"17",5031,"AR","Craighead",15270,13.72818729,1684,1.51396643,2.54,18331,16.48011795,6.927807436,9.382697619,7292,10.34076889,23151,32.83038133,14021,19.88314874,5641,7.999489485,20412,28.94621155,111231,6439,15.38038935,415,0.377701934,1110,1.010238908,42,0.038225256,2010,1.829351536,518,0.471444824,1898,1.72741752,4133,3.761547213,4206,10.04657829,6727,6.047774451,57.28314239,707.1582857,52490,51788,6564,5.90123257,287.2566372,270,0.242738086,0.118305012,4861,5.024,132,28,0.025095003,1149,1.188,510,0.457087546,8723,9.016,558,1.332855607,57.67790262,45.90098695,-4.593639576,3.09666493,6248,18864,51184,45366,45985,46584,47751,48963,49275,49628,49862,51214,52315,53579,54497,56221,56309,55682,43058,43767,43354,44346,45520,46024,46453,47210,48977,50613,51961,52863,54685,53304,53861,2308,2218,3230,3405,3443,3251,3175,2652,2237,1702,1618,1634,1536,3005,1821,24467,58.44261316,2.246795874,3,25.1,21.5,-2.5,1,7.209284151,4.833541732,3.92700844,1.654814004,12.92396061,0.113316662,47.04204439,16.26289465,3.786339481,24.2,18.2,29106,0.575392558,14.041,15.33340937,157.2929318,111576,112218,6683,19674,23.31865343,17.79253363,41865,41865,111231,70517,109875,96748,98405,99993,101653,102661,104457,105932,107188,108816,110332,96443,27611,24.82311586,5.1,4.8,6.9,7.1,7,6.6,6.4,5.3,4.4,3.3,3,3,2.7,5.3,3.3,79137,71.14653289
"18",5033,"AR","Crawford",10287,17.10707931,939,1.561538589,2.63,857,1.425174197,7.992680511,15.44289847,6161,15.07868523,13947,34.13446242,9198,22.51156416,3761,9.204826354,7792,19.07046183,60133,2830,12.44065412,0,0,487,0.805184928,40,0.066134286,1658,2.741266141,302,0.499313857,468,0.773771142,2537,4.194567068,2382,10.47125022,4567,7.594831457,21.46276596,595.2686526,54065,52057,5816,9.671893968,228.0315849,1366,2.271631217,-0.113131582,1271,2.051,-68,16,0.026619196,315,0.508,339,0.56399421,30,0.048,236,1.037453842,7.437070938,23.13218391,2.629601803,-11.4245862,4545,10570,24572,28182,28355,27829,28286,27874,27720,27208,27006,26962,26995,26925,26972,26910,26510,25772,26783,26993,25681,26053,25519,25599,25179,25426,25582,25941,25971,26027,26036,25062,24851,1399,1362,2148,2233,2355,2121,2029,1580,1380,1054,954,945,874,1448,921,17318,76.12976965,0.936024744,-2.7,-7.2,-4.6,-3.7,-0.8,7.028324923,4.643496663,2.665635683,0.614520593,18.66351945,0.630799284,42.4141299,15.38743285,7.016115904,20.9,14.7,26609,0.450862628,2.1,-2.929876671,101.0182541,60107,60378,2996,8790,31.30596501,17.74472443,22748,22748,60133,40859,60483,61956,61796,61911,61667,61807,61904,62263,62894,63379,63257,61935,14746,24.52230888,5,4.8,7.7,7.9,8.4,7.7,7.5,5.9,5.1,3.9,3.5,3.5,3.2,5.5,3.6,47627,79.2027672
"19",5035,"AR","Crittenden",6805,14.12910325,322,0.668563005,2.57,25804,53.57639682,8.064177412,14.79956495,4784,15.49975701,10940,35.44467844,7253,23.49910902,2496,8.086829742,5392,17.46962579,48163,4031,21.71757987,6,0.012412595,275,0.568910588,0,0,419,0.866812859,53,0.109644586,211,0.436509578,826,1.70880053,1882,10.1395399,1428,2.964931586,40.82840237,612.8648569,43821,46452,1819,3.776758092,226.5709156,115,0.238772502,0.029126012,2438,4.784,14,8,0.016643435,-10,-0.02,-556,-1.156718747,-5441,-10.677,132,0.711168579,6.976744186,-0.574114746,-4.166666667,-17.71756123,3867,9434,20689,22118,22307,21954,22778,22636,22176,21653,21584,21503,21642,21378,21178,21249,21102,20502,20653,20554,19594,20478,20277,20135,19886,20031,20198,20664,20437,20272,20362,19339,19394,1465,1753,2360,2300,2359,2041,1767,1553,1305,978,941,906,887,1763,1108,10612,57.17364366,2.416743197,-0.8,-6.1,-5.3,-5,0.3,5.128329064,3.499444149,3.707284064,1.590217024,11.46019624,0.014500459,44.63241336,17.03803954,10.51283291,32.1,23,24880,-1.127592735,-5.893,-5.380928058,78.58665652,48067,47525,4066,10706,30.04195152,19.81183586,18561,18561,48163,30865,48338,50958,50517,50077,49739,49536,49019,49306,48716,48363,47955,50907,12626,26.21514441,6.6,7.9,10.7,10.1,10.4,9.2,8.2,7.2,6.1,4.5,4.4,4.3,4.2,8.4,5.4,18948,39.34140315
"20",5037,"AR","Cross",3127,18.57660548,102,0.605952593,2.62,3651,21.68953841,7.050437283,13.73640273,2138,18.20039159,4907,41.77236741,2222,18.91546778,829,7.057120967,1651,14.05465225,16833,1108,17.33959311,9,0.053144376,234,1.381753764,0,0,47,0.277531739,21,0.124003543,47,0.277531739,311,1.836433422,873,13.66197183,352,2.091130517,32.33082707,616.3176022,45262,45247,661,3.926810432,253.4759358,38,0.225747044,-0.29829376,-64,-0.358,-50,1,0.005965875,16,0.09,-31,-0.184942131,-1379,-7.72,0,0,22.89156627,-7.942511346,-17.39130435,-9.563066777,938,2940,7215,8346,8449,8502,8608,8785,8566,8254,8153,8135,7897,7654,7445,7407,7264,6987,7720,7877,7801,7921,8084,7913,7645,7646,7701,7547,7346,7143,7102,6820,6681,626,572,701,687,701,653,609,507,434,350,308,302,305,444,306,4214,65.94679186,4.961884962,2.6,-13.5,-15.7,-4,-2,7.636867637,4.324324324,6.292446292,0.942480943,8.856548857,2.079002079,35.44005544,19.81981982,9.646569647,25,16.7,25410,-0.483235891,-8.079,-5.803021824,27.31221685,16762,16681,973,2738,23.72881356,17.61111777,6390,6390,16833,11747,16935,17862,17809,17703,17521,17181,17255,17025,16792,16630,16419,17878,4146,24.6301907,7.5,6.8,8.2,8,8,7.6,7.4,6.2,5.3,4.4,4,4.1,4.1,6.1,4.4,12067,71.68656805
"21",5039,"AR","Dallas",1573,24.26720148,7,0.107991361,2.59,2582,39.83338476,7.075079074,12.21221221,571,12.25321888,2108,45.2360515,1094,23.47639485,351,7.532188841,536,11.50214592,6482,342,14.7033534,0,0,6,0.090293454,0,0,12,0.180586907,0,0,12,0.180586907,18,0.270880361,531,22.8288908,201,3.100894786,6.914893617,667.3229011,42442,34337,276,4.257945079,170.5882353,14,0.215982721,-1.008533747,-237,-2.938,-65,0,0,9,0.112,-72,-1.117145074,-820,-10.166,0,0,-30,-23.96937574,-56.25,-22.03505577,155,775,2452,3830,3857,3921,3602,3409,3303,3054,3001,2987,2987,2919,2845,2827,2821,2770,3556,3581,3528,3187,3017,2951,2742,2737,2782,2842,2790,2727,2699,2669,2657,274,276,393,415,392,352,312,264,205,145,129,118,128,152,113,1712,73.6027515,3.181076672,-10.4,-25.3,-16.6,-1.1,-0.4,2.895595432,7.544861338,6.688417618,0.28548124,30.22022839,0.081566069,34.95106036,6.117455139,8.034257749,32.6,20.2,22683,-2.125678821,-13.104,-20.13307048,9.713438561,6445,6308,381,1213,15.51551552,12.90161478,2326,2326,6482,4660,6645,8066,8056,7952,7892,7691,7530,7399,7307,7152,7009,8124,1385,21.36686208,7.2,7.2,10,11.5,11.5,10.7,10.2,8.8,6.9,4.9,4.4,4.1,4.5,5.4,4.1,3425,52.83863005
"22",5041,"AR","Desha",2169,19.03466433,61,0.53532251,2.43,5385,47.25756911,12.89420809,16.27038043,1477,19.11231884,3415,44.18995859,1487,19.24171843,292,3.778467909,1057,13.67753623,11395,804,17.03029019,0,0,43,0.372940156,0,0,316,2.740676496,0,0,283,2.454466609,359,3.113616652,720,15.25100614,773,6.783677051,33.73702422,741.2140709,39042,33295,513,4.50197455,334.7457627,36,0.315928039,-0.273609885,22,0.17,-31,7,0.061782877,59,0.455,-209,-1.844660194,-1615,-12.467,135,2.859563652,41.86046512,-12.80764249,5.882352941,-22.20943613,1226,3185,4270,6099,5865,5568,5895,6132,5958,5682,5600,5579,5455,5446,5420,5410,5289,4963,5487,5356,4946,5264,5481,5392,5147,5159,5178,5157,5183,5180,5175,4916,4670,612,509,622,631,651,566,535,441,401,298,263,240,235,373,293,2994,63.41876721,9.016393443,-4.1,-14.9,-11.3,-5,-5,6.018735363,3.770491803,9.227166276,0.608899297,12.22482436,0.234192038,40.32786885,13.88758782,4.683840749,37.5,27.6,19955,-2.118270079,-12.297,-12.4000615,15.37342645,11330,11090,1034,3032,41.64402174,27.82388399,4721,4721,11395,7728,11530,12954,12731,12590,12502,12270,12029,11905,11743,11507,11361,13002,2790,24.48442299,10,8.7,11.2,10.7,10.6,9.5,9.4,7.9,7.2,5.5,4.8,4.4,4.3,7.1,5.9,4732,41.52698552
"23",5043,"AR","Drew",3066,17.67146974,100,0.576368876,2.38,4815,27.75216138,9.483800774,7.779938872,1456,13.03491495,4090,36.61593554,2289,20.49239033,683,6.114592659,2652,23.74216652,17350,813,11.66427547,11,0.062817658,6,0.034264177,0,0,188,1.073610873,23,0.131346011,188,1.073610873,228,1.302038719,1031,14.79196557,656,3.780979827,44.49339207,828.662254,46572,42891,636,3.665706052,198.5915493,68,0.391930836,-0.167542897,342,1.832,-29,0,0,24,0.129,-170,-0.982148015,-789,-4.227,0,0,9.89010989,-6.304728546,61.9047619,-11.43243029,890,3315,7386,8390,8393,8186,8702,8754,8517,8340,8180,8115,8002,7961,7838,7834,7716,7522,7757,7736,7296,7799,7800,7656,7556,7518,7568,7549,7554,7460,7437,7180,7145,633,657,890,903,954,861,784,662,547,453,407,378,397,536,377,4727,67.81922525,4.643920932,0.5,-7.9,-8.4,-3.5,-0.5,6.404007582,4.318981858,9.978337395,0.676956404,11.90089358,0.595721636,45.91118332,12.74031952,2.829677769,25.2,16.5,26250,-1.149690912,-2.395,-6.261818575,20.93736008,17309,17110,913,2715,24.72909141,20.03747582,6970,6970,17350,11170,17511,18666,18735,18788,18686,18642,18613,18553,18370,18328,18219,18517,3968,22.870317,7.5,7.8,10.9,10.4,10.9,10.1,9.4,8.1,6.7,5.7,5.1,4.8,5.1,6.9,5,11148,64.25360231
"24",5045,"AR","Faulkner",15944,12.91033053,1461,1.18301511,2.55,14274,11.55808191,6.790598544,4.922694153,5268,6.889336437,23020,30.10488322,17072,22.32626265,5951,7.782543876,25155,32.89697382,123498,5167,11.12498654,326,0.264629721,1350,1.095859275,124,0.100656704,1627,1.320713364,799,0.648586342,915,0.742749065,4483,3.639064542,3661,7.882441598,6790,5.498064746,53.10033822,647.2463745,57573,54845,9422,7.629273349,315.2490084,562,0.455068098,0.135041159,5812,5.097,167,62,0.050135041,894,0.784,1273,1.029385603,6169,5.41,333,0.71697707,15.4028436,24.17572858,-8.169934641,-0.80684911,3847,17446,58974,54457,55531,56178,58662,59201,59986,59652,59498,60161,60654,61341,61975,62970,62006,61033,52032,52914,52329,54585,55162,56177,55878,56270,57396,58345,59285,59995,61129,58616,58910,2425,2617,3849,4077,4039,3809,3774,3228,2765,2309,2056,1980,1841,3390,2123,28869,62.15739046,0.647743073,4.9,13.2,7.9,-4.1,0.5,7.625394242,4.917421237,4.076372639,2.282361719,7.566046054,0.669786686,52.65371181,14.77261166,4.788550887,14.3,13.6,28851,1.164426762,10.507,9.061525826,190.8052403,123666,125106,3989,16486,13.67336058,14.7551105,46445,46445,123498,76466,123191,114026,116280,118523,119176,120562,121241,122206,123530,125138,126007,113238,28825,23.34045895,4.5,4.7,6.9,6.9,6.8,6.3,6.3,5.4,4.6,3.8,3.4,3.2,2.9,5.5,3.5,92573,74.95910865
"25",5047,"AR","Franklin",3380,19.76955021,162,0.947534655,2.51,78,0.45622039,6.13972765,4.228918714,1596,13.52198594,4911,41.60806575,2863,24.25654495,1182,10.01440312,1251,10.59900025,17097,743,11.05983924,0,0,29,0.169007518,0,0,57,0.33218719,27,0.157351827,18,0.104901218,113,0.658546535,1022,15.21286097,491,2.871848862,32.34501348,608.9629736,47834,42128,1081,6.322746681,252.1172638,199,1.163946891,-0.338745474,-286,-1.576,-58,-1,-0.005840439,32,0.176,109,0.636607873,-141,-0.777,0,0,0,-37.09677419,8.743169399,-10.56657057,1242,3858,6824,8483,8458,8151,7796,7769,7703,7466,7343,7442,7378,7401,7377,7528,7481,7267,8097,8085,7567,7216,7201,7178,6965,6936,7080,7079,7139,7118,7282,7058,6999,386,373,584,580,568,525,501,407,362,299,262,259,246,423,268,4726,70.34831795,3.516998828,-10.9,-13.6,-3,-3.1,-0.8,8.279601407,4.396248535,5.700468933,0.615474795,24.07678781,1.377491208,33.86576788,10.02344666,8.147713951,24.9,17.2,22391,0.297862399,-2.354,-5.671724138,28.07559859,17122,17173,949,2908,31.45100025,22.84191829,6718,6718,17097,11803,17159,18142,18009,17959,17915,17828,17749,17655,17809,17764,17715,18137,4111,24.04515412,4.6,4.4,7.2,7.4,7.3,6.8,6.7,5.5,4.9,4.1,3.5,3.5,3.3,5.7,3.7,15201,88.91033515
"26",5049,"AR","Fulton",3125,25.87991718,35,0.289855072,2.57,27,0.223602484,6.046081399,9.98415214,1224,14.1046324,3229,37.20903434,2568,29.59207191,668,7.697626181,989,11.39663517,12075,401,8.649698016,0,0,124,1.027170312,0,0,12,0.099403579,42,0.347912525,5,0.041418158,178,1.474486415,956,20.62122519,154,1.275362319,58.7628866,618.0358851,41557,36950,635,5.258799172,209.7560976,66,0.546583851,-0.872600349,-541,-4.429,-105,3,0.024931439,30,0.246,217,1.803374055,803,6.574,3,0.064710958,25,-30.76923077,-16.4556962,-5.116476069,535,2134,4081,5099,5178,5233,5167,5105,5130,4946,4823,4779,4675,4718,4817,4983,4929,4889,4841,4910,4847,4778,4727,4775,4613,4549,4534,4472,4518,4627,4788,4675,4711,258,268,386,389,378,355,333,274,245,203,200,190,195,254,178,3873,83.54184642,3.72457731,-1.3,-2.7,-1.4,-2.4,0.8,6.248468513,2.940455771,4.410683656,0.269541779,8.282283754,0,48.29698603,16.90762068,8.919382504,29.2,18,20817,0.930773706,2.145,-1.388321764,19.53770047,12033,12145,745,2157,21.19651347,17.94483687,4636,4636,12075,8678,12072,12215,12240,12169,12170,12081,12138,12099,12131,12308,12477,12236,2666,22.07867495,5.1,5.2,7.4,7.5,7.4,6.9,6.7,5.7,5.1,4.3,4.2,3.9,3.9,5.2,3.6,11201,92.76190476
"27",5051,"AR","Garland",24052,24.00878419,960,0.958275105,2.34,8034,8.019564783,6.696892512,11.22716722,6955,9.622568416,23014,31.84094745,18195,25.17363513,6936,9.596281026,17178,23.76656797,100180,5567,13.28037405,6,0.006018416,768,0.770357293,38,0.038116637,2111,2.117479487,710,0.712179269,1479,1.483539631,3732,3.743454972,6452,15.39158854,7047,7.034338191,52.46646473,677.6434478,48053,49985,7999,7.98462767,261.2917796,623,0.621880615,-0.625985903,-2427,-2.526,-627,29,0.028953096,-15,-0.016,795,0.793714183,5746,5.981,601,1.433717407,39.33236575,6.382415254,17.10526316,-4.194936803,4831,15904,41466,42151,42236,42392,41504,41566,41366,41064,40645,40111,40152,40330,40777,41490,41320,40528,39798,39876,39205,38130,38097,38227,38029,38129,37950,38421,38691,39159,39983,38009,38500,2353,2360,3187,3374,3469,3139,3035,2516,2161,1731,1639,1618,1507,3311,2028,28392,67.73062335,0.827183717,-4.2,-3.3,1,-4.9,1.3,8.845801379,5.445425168,4.258910915,1.955819225,6.950272512,0.552259683,52.2548594,16.36762649,2.541841509,21.2,14.5,29214,0.16772828,3.455,4.328084646,147.8358572,100162,100330,4133,14319,24.37682915,16.20376974,41919,41919,100180,72278,99694,96067,96854,96986,97654,97758,97814,98282,98327,98966,99386,95999,20450,20.41325614,5.6,5.6,7.5,8.1,8.3,7.6,7.4,6.2,5.4,4.3,4.1,4,3.6,8,5,77239,77.1002196
"28",5053,"AR","Grant",3264,18.1757434,76,0.423209712,2.59,447,2.48914133,3.735355708,2.722460298,1055,8.403696033,5351,42.6238649,2969,23.64983272,924,7.360203919,2255,17.96240242,17958,861,12.56934307,24,0.133988388,60,0.334970969,0,0,171,0.954667262,91,0.508039303,163,0.910004466,355,1.981911568,781,11.40145985,440,2.450161488,12.24489796,631.8846265,67088,62479,859,4.78338345,354.4973545,70,0.389798419,-0.344923505,-18,-0.101,-62,0,0,-8,-0.045,177,0.984700974,397,2.22,7,0.102189781,61.70212766,16.1038961,-6.666666667,-3.779536932,618,2489,7642,8471,8581,8485,8561,8522,8462,8322,8287,8293,8288,8323,8324,8432,8289,8146,8045,8137,7889,7978,7922,7909,7791,7844,7921,7989,8053,8070,8170,7858,7886,426,444,596,583,600,553,531,443,372,299,270,254,262,431,260,5242,76.52554745,4.200471081,-0.8,-2,-1.2,-3.8,0.4,8.610311437,4.357498037,5.378173253,0.654278985,14.00157027,0.379481811,43.79743523,9.997382884,8.623397017,15.9,11.2,32428,0.639777469,2.119,0.588136448,28.41974507,17975,18090,625,2017,15.57852281,14.08681872,6850,6850,17958,12554,17912,17886,17947,18038,18046,18074,18016,18064,18103,18180,18265,17842,4142,23.06492928,5,5.2,7,6.8,7,6.5,6.4,5.3,4.5,3.6,3.2,3.1,3.1,5.2,3.2,16166,90.02116049
"29",5055,"AR","Greene",7379,16.1338989,181,0.395749519,2.56,926,2.024663285,7.429337504,12.90739544,3485,11.33886449,13628,44.34032862,6570,21.37628111,2048,6.663413047,5004,16.28111274,45736,2472,14.05903429,17,0.037227636,130,0.284681923,0,0,171,0.374466221,15,0.032847914,77,0.168619293,349,0.764261469,2113,12.01728943,1596,3.489592444,77.13651498,577.3402398,53920,51367,2430,5.313101277,330.0884956,138,0.301731677,-0.09166703,803,1.903,-42,1,0.002182548,49,0.116,541,1.180758654,2321,5.5,106,0.60285503,69.1588785,299.137931,-28.86597938,0.853956082,2554,7361,19783,18430,18882,18683,19641,20021,20077,19525,19777,20036,19839,19718,19824,20067,19601,19318,17212,17653,16830,17804,18169,18413,18024,18553,19012,18987,18987,19145,19385,18430,18655,1218,1229,1853,1837,1852,1664,1501,1224,1024,852,731,679,682,1171,663,11557,65.72826025,3.497952788,3.4,8.4,4.8,-4.9,1.2,9.270585857,3.275539605,2.421270788,0.647020169,19.86048628,0.055603296,41.17171309,14.00192084,5.797907294,18.6,12.9,24806,1.089091623,7.403,8.662390116,79.21845187,45818,46317,2054,5898,23.58046348,16.44732432,17583,17583,45736,30735,45665,42201,42763,43229,43160,43788,44300,44730,44993,45339,45325,42090,11250,24.5976911,6.6,6.5,9.9,9.4,9.3,8.3,7.7,6.2,5.1,4.3,3.7,3.4,3.4,6,3.4,40509,88.5713661
"30",5057,"AR","Hempstead",3720,18.53974583,88,0.438574632,2.65,5644,28.12858211,7.496266799,10.12830482,2181,16.16633311,5182,38.41079238,2811,20.83611296,1158,8.583500111,2159,16.00326143,20065,1099,14.52550886,0,0,24,0.117924528,0,0,1149,5.645636793,30,0.14740566,1099,5.399960692,1272,6.25,1048,13.85144066,2953,14.7171692,8.846295614,727.1997195,41281,43592,1352,6.738101171,212.962963,81,0.403688014,-0.025008753,685,3.032,-5,-2,-0.010003501,-106,-0.469,-294,-1.47051468,-1749,-7.74,110,1.453872588,7.317073171,-14.78182093,5.194805195,-17.32184808,1960,4933,8070,10831,10597,10658,10693,11003,10925,10184,10056,9965,10019,9893,9939,9925,9628,9182,10183,9988,9790,9740,10080,10162,9466,9473,9483,9643,9551,9597,9555,9125,8862,648,609,868,953,923,763,718,583,482,376,342,342,370,503,320,5176,68.41131377,8.215613383,-4.4,-13,-9,-4.5,-2.9,5.972738538,3.296158612,3.482032218,0.173482032,22.32961586,0.049566295,40.83023544,9.702602231,5.94795539,27.8,21.2,23132,-1.495523433,-4.709,-11.25215622,27.59214486,19993,19694,1369,4125,38.10264386,24.55450473,7566,7566,20065,13491,20352,22596,22488,22344,22420,22326,22085,22032,21876,21685,21532,22587,5041,25.12334912,6,5.7,8.1,8.9,8.4,7,7.1,5.8,4.8,3.8,3.5,3.4,3.7,5.2,3.5,10558,52.61898829
"31",5059,"AR","Hot Spring",6371,19.28268765,114,0.34503632,2.57,3450,10.44188862,6.217465809,10.76836792,2699,11.43547157,9240,39.14922464,5832,24.70977036,1951,8.266248623,3880,16.43928481,33040,1324,10.96934548,0,0,36,0.108774474,0,0,169,0.510635726,64,0.193376843,158,0.477399082,279,0.843002176,1462,12.11267606,1265,3.828692494,37.64961915,614.9438982,51662,46724,2070,6.265133172,261.2565445,165,0.499394673,-0.487376642,-352,-1.059,-161,4,0.012108736,27,0.081,275,0.832475631,892,2.684,129,1.068765534,22.58064516,-2.652370203,13.01369863,-5.349601126,2091,5879,12515,15268,15014,15273,14225,14581,14600,14238,14124,14260,14139,14117,13950,14063,14075,13797,14443,14033,13976,13051,13434,13592,13228,13327,13552,13582,13592,13433,13565,13256,13264,825,981,1297,1174,1147,1008,1010,797,708,557,525,517,498,819,533,9512,78.8069594,1.246504195,-9.6,-8.2,1.6,-2.3,0.1,8.206152617,3.931282461,4.290850979,0.783060328,11.65001998,0.311626049,48.51777867,16.73991211,4.322812625,27,17.8,23411,0.345098989,1.625,0.355374662,53.72847848,33034,33148,1723,5521,29.31856422,19.0080507,12070,12070,33040,23602,33096,33231,33142,33507,33528,33409,33497,33438,33606,33672,33771,33011,6999,21.18341404,5.4,6.5,8.5,8.3,7.9,6.9,7.1,5.6,5,3.9,3.7,3.7,3.5,5.8,3.9,26221,79.36138015
"32",5061,"AR","Howard",2296,17.95854517,62,0.484943293,2.43,2626,20.53969496,8.189248664,17.74098167,1028,11.94793119,3596,41.79451418,1957,22.74523477,796,9.251510925,1227,14.26080893,12785,811,15.43879688,16,0.124088723,85,0.659221343,0,0,856,6.638746704,61,0.473088258,727,5.638281371,1018,7.895145029,827,15.74338473,1517,11.86546734,12.45366938,587.3264984,42733,39558,760,5.944466171,334.2857143,82,0.641376613,-0.133281066,134,0.971,-17,0,0,52,0.377,-40,-0.313602509,-728,-5.277,121,2.30344565,-26.19047619,-6.647707074,-12.76595745,-14.09814895,1105,2580,5600,6365,6298,6201,6575,6746,6496,6295,6254,6110,5989,5987,5901,5691,5553,5455,6013,5952,5710,6086,6265,6080,5903,5900,5856,5793,5805,5701,5511,5273,5278,352,346,491,489,481,416,392,354,254,196,182,200,180,280,177,3592,68.37997335,8.678571429,1.2,-12.2,-13.3,-4.3,0.1,3.642857143,1.160714286,3.339285714,2.821428571,33.96428571,0.392857143,34.42857143,7.214285714,4.357142857,26.5,17.9,24969,-0.446883575,-4.306,-7.281166147,21.76813073,12755,12698,870,2245,32.67297457,20.27664257,5253,5253,12785,8604,12894,13796,13816,13675,13543,13492,13336,13350,13365,13302,13202,13781,3237,25.31873289,5.5,5.5,7.9,7.4,7.1,6.4,6.2,5.7,4.2,3.3,3,3.4,3.2,5,3.2,7982,62.43253813
"33",5063,"AR","Independence",6771,17.84754072,340,0.896199062,2.57,830,2.187780062,6.819973362,7.160775371,3610,14.21595653,9405,37.03630779,6079,23.93872568,2122,8.356304639,4178,16.45270536,37938,1398,9.742839222,34,0.089956609,207,0.547677003,2,0.005291565,756,2.000211663,168,0.444491481,431,1.14033231,1278,3.381310192,1647,11.47815179,3258,8.587695714,52.3141655,763.7115469,48957,50028,2426,6.394643893,331.6725979,133,0.350571986,-0.145149372,539,1.464,-55,8,0.021112636,131,0.356,-114,-0.300855062,477,1.296,81,0.564499268,23.1884058,17.06629055,-6.338028169,-4.262623807,1892,6498,16176,17161,16900,16805,17042,16639,16133,15889,15590,15733,16039,16140,16282,16586,16737,16368,16086,15728,15349,15596,15154,14708,14492,14403,14731,15243,15451,15632,15940,15770,15734,1075,1172,1456,1446,1485,1425,1397,1187,1002,796,689,650,646,967,634,10104,70.41605687,1.112759644,-3,-2.2,0.9,-1.1,-0.2,7.474035608,3.894658754,3.628832839,0.710929773,20.67260138,0.568743818,43.56454006,11.97453017,6.398367953,22.3,18.9,25030,-0.446004434,2.76,3.522798592,49.67582349,37892,37723,1969,6924,21.57354618,17.66288836,14349,14349,37938,25394,37796,36809,36884,36953,36885,37080,37035,37117,37391,37768,37825,36641,9171,24.17365175,6.3,6.9,8.7,8.5,8.9,8.8,8.8,7.6,6.4,5,4.3,4,3.9,5.8,3.9,31511,83.05920186
"34",5065,"AR","Izard",3462,25.49900567,27,0.198865729,2.73,256,1.885541725,4.62633452,7.971303308,1838,17.89678676,3414,33.24245375,2471,24.06037001,799,7.779941577,1748,17.02044791,13577,394,8.52260437,8,0.058595181,31,0.227056325,0,0,67,0.490734637,3,0.021973193,10,0.073243976,138,1.010766864,717,15.50940947,326,2.40111954,56.73076923,580.1773263,40788,45318,767,5.649259778,330.8988764,73,0.537674008,-0.655568651,-681,-4.961,-89,0,0,53,0.386,424,3.123158515,584,4.255,0,0,-30.76923077,46.28571429,-28.43137255,-6.389358757,607,1989,4429,5372,5405,5326,5132,5203,5186,5029,4952,4999,4976,4880,4868,4907,4655,4382,5051,5045,4844,4634,4710,4748,4606,4587,4673,4696,4609,4605,4645,4261,4146,321,360,482,498,493,438,423,365,326,280,271,263,262,394,236,3590,77.65520225,5.441408896,-8.3,-17.9,-10.5,-8.3,-2.7,4.628584331,3.499661323,8.963648679,1.196658388,17.24994355,0.790246105,46.85030481,7.857304132,3.522239783,27.2,18.4,22047,2.467589864,-0.707,-0.868866822,23.40146604,13576,13911,688,2384,24.19290554,15.72953737,4623,4623,13577,10270,13653,13726,13572,13541,13411,13557,13487,13488,13666,13582,13629,13703,2405,17.71378066,6,6.7,9,9.7,9.5,8.4,8.4,7.4,6.5,5.6,5.6,5.4,5.3,8.5,5.4,12175,89.6737129
"35",5067,"AR","Jackson",3052,18.21545807,63,0.376007162,2.47,2764,16.49656819,6.356220258,8.290778011,1980,16.51789439,5169,43.12171519,2435,20.31367315,884,7.374655877,1519,12.6720614,16755,822,13.7504182,0,0,10,0.059248726,0,0,21,0.124422325,39,0.231070032,21,0.124422325,70,0.414741083,789,13.19839411,461,2.751417487,5.733944954,633.6108495,37815,39154,698,4.165920621,159.4795539,43,0.256639809,-0.406285475,-294,-1.628,-68,0,0,-5,-0.028,142,0.848419669,-1044,-5.782,0,0,18.86792453,-7.49665328,-50,-10.05641749,1081,3066,5921,7787,7826,7609,6719,6674,6492,6309,6231,6212,6068,5880,5776,5814,5852,5637,7192,7224,6787,5950,5931,5819,5638,5669,5750,5689,5533,5431,5443,5428,5343,595,602,822,769,743,673,671,562,462,379,347,345,371,424,294,4097,68.53462697,8.241851039,-17.3,-25.7,-10.2,-0.3,-1.6,5.978719811,2.465799696,6.468501942,0.118223273,15.03124472,0.135112312,38.49011991,18.34149637,4.728930924,29.5,22.5,21238,0.442134194,-7.41,-6.901150192,26.44367598,16737,16811,998,3316,32.47221388,20.84296397,5978,5978,16755,11987,16878,18057,17887,17680,17729,17591,17365,17282,17017,16753,16719,17998,3313,19.77320203,7.6,7.7,10.8,11.4,11.1,10.4,10.6,9,7.4,6.2,5.9,6,6.4,7.2,5.2,12754,76.12056103
"36",5069,"AR","Jefferson",12119,18.01813857,664,0.987213797,2.56,37712,56.06898602,8.292486943,14.85749352,5383,11.59854345,19219,41.41044149,10365,22.33306759,2414,5.201353128,9030,19.45659434,67260,4108,16.82503277,6,0.008797783,540,0.791800466,8,0.011730377,466,0.683294477,29,0.042522618,376,0.551327732,1071,1.570404258,3414,13.98263434,1488,2.212310437,22.06726825,872.3668326,46100,43720,2071,3.079096045,121.0245464,212,0.315194767,-0.279894029,472,0.61,-187,32,0.047896305,171,0.221,-763,-1.14202751,-10989,-14.209,126,0.516055046,11.59663866,-11.23455337,5.472636816,-21.27925117,4315,12082,25161,35111,34882,35472,33924,33538,32576,31183,29713,28882,28373,27995,28011,27665,27287,26128,32441,32236,32033,30505,29954,29435,28041,27170,26872,26779,26535,26567,26188,25079,24413,2670,2646,3439,3419,3584,3141,3142,2543,2010,1594,1460,1444,1477,2208,1715,15595,63.87205111,1.494376217,-6,-24.7,-20,-4.2,-2.7,3.636580422,4.320178053,10.46858233,0.60013513,17.44763722,0.393466079,42.87985374,12.92873892,5.83045189,28.8,20.3,23015,-1.42192154,-13.598,-13.14005295,77.10059288,66811,65861,4009,12258,29.4217919,19.41663319,24416,24416,67260,46411,68199,77341,76039,74634,73191,72458,71872,70407,69238,68067,66824,77456,13987,20.79542076,7.6,7.6,9.7,10.1,10.7,9.6,10.1,8.6,7,5.6,5.2,5.2,5.3,8.1,6.6,25230,37.51115076
"37",5071,"AR","Johnson",4305,16.71909589,918,3.565186998,2.55,454,1.763175269,7.539745628,11.32557027,3377,19.91977821,6929,40.8718221,3143,18.53949154,788,4.648144871,2716,16.02076329,25749,1047,10.63052087,0,0,425,1.643909798,85,0.32878196,1924,7.442076355,19,0.073492438,1548,5.987699687,2453,9.48826055,1174,11.91999188,3439,13.35585848,11.15061409,660.9955019,43003,40628,1991,7.73233912,303.0364372,202,0.784496485,-0.136229176,773,3.025,-35,-2,-0.007784524,210,0.822,188,0.73174529,249,0.974,309,3.137374353,424.5714286,35.11904762,-3.349282297,-9.03975994,1640,4763,10535,11287,11483,11517,10972,11107,10879,10631,10380,10446,10551,10575,10389,10279,10140,9835,10735,10945,10700,10103,10274,10111,9839,9716,9854,10049,10120,9922,9820,9498,9373,552,538,817,869,833,768,792,664,592,502,455,467,459,642,462,6919,70.25078688,2.211675368,-5.9,-12.7,-7.2,-3.3,-1.3,6.549596583,3.037494067,3.825344091,0.588514476,25.39155197,1.499762696,35.90887518,15.14000949,5.84717608,23.3,18.1,22509,0.595516114,3.999,0.818324197,38.95487931,25692,25845,1445,4570,26.16047216,18.93084261,9849,9849,25749,16953,25853,25556,25675,25914,25932,25969,26094,26127,26401,26659,26578,25545,6372,24.7465921,4.9,4.7,7.1,7.9,7.5,7.1,7.4,6.4,5.7,4.8,4.3,4.5,4.5,6.3,4.7,19400,75.34273176
"38",5073,"AR","Lafayette",1530,24.25491439,32,0.507292327,2.51,2043,32.38744451,9.341894061,14.26160338,864,18.92247043,2095,45.8826106,913,19.9956198,204,4.467805519,490,10.73149365,6308,379,15.16,0,0,5,0.078455986,0,0,108,1.694649302,0,0,103,1.616193316,131,2.055546838,438,17.52,145,2.298668358,10.6870229,529.4724887,38777,36083,224,3.55104629,267.2131148,29,0.459733672,-0.699078487,-271,-3.544,-44,4,0.06355259,15,0.196,-87,-1.382268827,-752,-9.834,35,1.4,23.07692308,-27.98731054,163.6363636,-15.55749509,409,1461,2254,3101,3030,2978,3073,3017,2925,2790,2711,2658,2586,2538,2489,2458,2419,2327,2866,2818,2698,2785,2742,2662,2531,2507,2461,2435,2410,2362,2347,2233,2192,235,212,280,288,275,263,259,204,197,151,128,127,111,186,135,1951,78.04,12.42236025,-2.8,-23.5,-21.3,-4.9,-1.8,10.15971606,3.06122449,8.207630878,0,13.13220941,1.641526176,33.58473824,13.88642413,3.904170364,32.6,23.7,20605,-2.081347315,-13.378,-17.48855461,11.91374459,6294,6163,363,1448,34.51476793,23.45104334,2500,2500,6308,4566,6373,7647,7536,7450,7284,7158,7010,6888,6797,6679,6624,7643,1230,19.49904883,7.6,7,9.4,9.4,9.1,9,9.3,7.5,7.4,5.8,5,5.1,4.5,7.7,5.8,3870,61.35066582
"39",5075,"AR","Lawrence",3113,19.19708929,38,0.234336458,2.52,138,0.851011347,5.998986444,7.792207792,1668,15.20787746,4271,38.94055434,2644,24.10649161,754,6.874544128,1631,14.87053246,16216,748,11.94888179,0,0,6,0.036827891,0,0,26,0.159587528,24,0.147311564,25,0.153449546,95,0.583108274,854,13.64217252,357,2.201529354,125.9493671,587.5279565,44661,40746,751,4.631228416,266.3414634,41,0.252836704,-0.58039022,-487,-2.78,-94,3,0.018523092,3,0.017,190,1.173129168,-625,-3.568,1,0.015974441,72.72727273,2.985074627,-32.78688525,-11.41381766,728,2448,6558,7303,7213,7289,7433,7474,7300,7188,7129,7075,6929,6856,6820,6842,6797,6700,6795,6704,6628,6752,6772,6664,6567,6625,6655,6628,6596,6556,6566,6377,6414,508,509,661,681,702,636,621,504,420,301,260,264,276,420,286,4350,69.48881789,6.312900275,-0.6,-5.6,-5,-2.9,0.6,6.968587984,3.781640744,4.376334248,0.426959439,14.89783471,0.426959439,38.92955169,14.40988106,9.469350412,30.3,20.4,23086,0.592738948,-6.348,-6.884869365,27.60038875,16196,16292,1083,3193,20.11605416,15.50741163,6260,6260,16216,10968,16292,17518,17282,17040,17054,16969,16696,16639,16571,16432,16406,17410,3619,22.31746423,7,7.1,9.1,9.2,9.4,8.7,8.6,7.1,5.9,4.3,3.8,3.9,4,6.2,4.3,14925,92.03872718
"40",5077,"AR","Lee",1736,20.18604651,13,0.151162791,2.66,4657,54.15116279,15.05464481,35.51401869,1141,18.26184379,2847,45.56658131,1296,20.74263764,354,5.66581306,610,9.7631242,8600,528,19.08203831,24,0.27173913,0,0,0,0,110,1.245471015,2,0.022644928,110,1.245471015,136,1.539855073,558,20.16624503,216,2.511627907,28.57142857,599.8071941,29714,29082,297,3.453488372,145.4545455,18,0.209302326,-0.340016415,-211,-2.03,-29,9,0.105522336,2,0.019,119,1.39523977,-1327,-12.766,18,0.650524033,-68.29268293,-18.86759582,-55,-20.74074074,670,2029,2557,3588,3571,3520,3699,3675,3532,3330,3274,3194,3098,2969,2899,2824,2747,2554,3247,3269,3200,3395,3342,3212,3028,3033,2984,2951,2825,2762,2700,2536,2411,341,302,320,304,333,320,302,241,210,147,144,137,124,211,143,1690,61.07697868,12.51466562,4.6,-25.7,-29,-6.1,-4.9,5.00586625,4.028157998,10.71568244,0,8.760265937,0,40.90731326,13.53148221,4.536566289,45.4,34.9,19688,1.055223356,-14.796,-17.49808135,14.33794073,8529,8619,690,2448,41.74454829,27.71857924,2767,2767,8600,6248,8832,10395,10291,10184,10010,9839,9672,9337,9127,8976,8857,10428,1571,18.26744186,9.5,8.5,9.1,8.2,9.1,9.1,9.1,7.4,6.6,4.7,4.9,4.7,4.4,7.7,5.6,3424,39.81395349
"41",5079,"AR","Lincoln",2037,15.74066919,23,0.177729696,2.47,3650,28.20493007,5.474189676,8.104331626,1855,18.79242225,4753,48.15114983,1949,19.74470672,452,4.579070003,862,8.732651201,12941,427,12.59215571,0,0,0,0,0,0,263,2.008860373,20,0.152765047,257,1.963030859,283,2.16162542,453,13.35889118,619,4.783247044,36.94690265,559.4615967,45435,49474,508,3.925508075,262.8571429,27,0.208639209,-0.566814194,-190,-1.349,-73,9,0.069881202,10,0.071,231,1.793617517,-875,-6.211,9,0.265408434,15,-13.32225125,-22.85714286,-11.91910499,423,1259,3385,4978,4944,4966,4693,4756,4602,4378,4246,4143,4102,4052,4008,3903,3868,3729,4582,4548,4481,4268,4331,4215,4023,3952,3892,3904,3882,3839,3738,3637,3558,396,396,485,425,425,387,355,294,251,198,170,169,165,231,171,2693,79.41610145,4.726735598,-6.9,-22.3,-16.6,-2.7,-2.2,6.203840473,4.992614476,9.394387002,2.629246677,15.18463811,0.295420975,40.17725258,10.69423929,5.701624815,25.1,22.6,15748,1.226803323,-7.559,-8.440639592,23.13116767,12879,13037,520,2160,19.70190964,15.11404562,3391,3391,12941,9871,13092,14089,14339,14180,14063,14025,13866,13728,13475,13184,13024,14141,2083,16.09612858,8,8,9.8,9.1,8.9,8.4,8.1,6.9,6.1,4.8,4.2,4.2,4.2,6,4.6,8188,63.27177189
"42",5081,"AR","Little River",2518,20.93796774,19,0.157991019,2.52,2164,17.99434558,3.880144769,4.975313331,847,10.10981141,3656,43.63809979,1936,23.10814037,693,8.271663882,1246,14.87228455,12026,688,14.47506838,0,0,8,0.066093853,0,0,11,0.090879048,2,0.016523463,5,0.041308658,27,0.223066755,701,14.74857984,409,3.400964577,14.56582633,531.2546147,46619,57614,761,6.327956095,188.2575758,161,1.338766007,-0.643221118,-245,-1.866,-77,0,0,-35,-0.267,50,0.41767605,-628,-4.782,18,0.378708184,-51.28205128,-13.71610845,-13.44086022,-12.59281863,527,1468,4992,6449,6662,6748,6213,6114,6005,5741,5587,5617,5602,5498,5460,5529,5353,5250,6176,6403,6347,5750,5658,5584,5315,5228,5315,5339,5230,5177,5297,5003,5015,273,259,401,463,456,421,426,359,302,263,268,283,232,350,235,3839,80.77003997,2.524038462,-6.9,-18.8,-12.8,-5.6,0.2,8.353365385,4.427083333,4.84775641,0,18.02884615,0.380608974,42.68830128,13.78205128,4.967948718,25,15.7,27738,-0.225545067,-6.648,-8.693341432,22.63697983,11971,11944,657,1854,20.0151918,12.3558623,4753,4753,12026,8378,12104,13132,12945,12916,12733,12503,12402,12406,12373,12297,12259,13168,2672,22.21852653,4.2,3.9,5.9,7.5,7.5,7,7.4,6.4,5.4,4.7,4.9,5.2,4.2,6.5,4.5,8593,71.45351738
"43",5083,"AR","Logan",4264,20.1788841,328,1.552221854,2.51,225,1.064786333,6.526606641,10.20723104,1853,12.27152318,6704,44.39735099,3432,22.72847682,1203,7.966887417,1908,12.63576159,21131,812,9.817434409,0,0,134,0.629137518,0,0,119,0.558711677,38,0.178412132,119,0.558711677,323,1.516503122,1022,12.35642607,640,3.028725569,25.49019608,709.1160395,45558,46570,1271,6.014859685,210.7579462,228,1.078983484,-0.511921126,-200,-0.897,-108,1,0.00474001,185,0.829,226,1.071242357,-642,-2.878,51,0.61661226,-9.141274238,-21.05263158,0,-9.811723602,992,3291,9118,10432,10300,10076,9795,9616,9664,9298,9150,9204,9145,8897,8734,8530,8664,8383,9904,9633,9158,8988,8809,8922,8593,8616,8682,8724,8553,8389,8168,8085,8033,528,667,918,807,807,742,705,534,522,421,344,345,362,579,350,5959,72.04691089,4.836586971,-9.2,-18.9,-10.6,-1,-0.6,4.101776705,2.533450318,3.794691818,1.129633692,22.80105286,1.085764422,40.44746655,13.57753893,5.692037728,21.5,15.4,24061,0.559321231,-3.774,-5.466827719,29.79907212,21097,21215,937,3204,21.86948854,15.67814778,8271,8271,21131,15100,21299,22308,22242,21928,22031,21866,21729,21732,21739,21673,21466,22361,4852,22.96152572,5.1,6.5,9.1,8.2,8.4,7.7,7.6,5.8,5.7,4.6,3.9,4,4.2,6.7,4.2,18586,87.95608348
"44",5085,"AR","Lonoke",10374,14.01607782,716,0.967371479,2.68,4349,5.875835979,4.792926943,6.695568401,4955,10.05968816,18597,37.7558064,10357,21.02687997,5332,10.82507715,10015,20.33254832,74015,3125,11.45653848,161,0.218086259,334,0.452427395,7,0.009482011,1009,1.366764196,201,0.272269181,816,1.1053316,1882,2.549306459,2535,9.293544011,3610,4.877389718,60.730187,771.4484905,64633,62561,5369,7.253935013,334.7368421,314,0.42423833,0.037816374,2580,3.753,28,9,0.012155263,597,0.868,652,0.880581292,1985,2.888,140,0.513252924,36.121673,7.144616901,-4.559270517,0.811871964,2863,8485,33081,31278,32049,32219,33265,33304,33234,32996,33001,33138,33442,33840,34165,34281,33761,33141,29891,30625,30230,31105,31099,31210,31033,31356,31769,32327,32727,33096,33199,31886,32034,1387,1424,1989,2160,2205,2024,1963,1645,1369,1115,1113,1069,1082,1875,1107,19722,72.30267258,1.98603428,4.1,7.2,3,-4,0.5,7.910885403,6.916356821,7.61766573,1.562830628,7.209576494,0.335540038,40.56407001,16.09987606,9.797164536,14.6,11,30370,0.918397666,6.641,8.278717304,95.94289303,74042,74722,2686,8161,15.32327125,11.61278844,27277,27277,74015,49256,73824,68744,69529,70109,70742,71368,71359,71803,72778,73391,73309,68382,19082,25.78126056,4.4,4.4,6.2,6.5,6.6,6.1,5.9,5,4.1,3.3,3.3,3.1,3.2,5.6,3.3,60596,81.86989124
"45",5087,"AR","Madison",3199,19.36323467,102,0.617396041,2.71,36,0.217904485,5.261872787,5.605499736,1734,15.0887574,5735,49.90428124,1960,17.05534285,507,4.411764706,1556,13.53985381,16521,660,10.89828269,0,0,119,0.721387003,0,0,169,1.024490786,91,0.551648885,130,0.788069835,435,2.63700291,701,11.57529723,890,5.387083106,17.25955204,834.2277412,49691,47862,1149,6.954784819,325.5555556,205,1.240844985,0.090628965,277,1.766,15,5,0.030209655,71,0.453,394,2.380520814,615,3.921,5,0.082562748,25.92592593,33.33333333,19.88304094,-2.601896063,997,2709,6621,7675,7661,7367,7265,7213,7005,6900,7023,7113,7297,7369,7343,7411,7292,7373,7357,7327,6876,6771,6748,6611,6510,6691,6843,7063,7157,7133,7225,7001,7142,318,334,491,494,465,394,390,332,270,234,212,210,186,291,231,4878,80.54821664,4.04772693,-8,-2.9,5.5,-3.1,2,10.24014499,3.096209032,4.410209938,1.918139254,18.86421991,0.362483009,34.36036852,15.10345869,7.597039722,22.7,15.4,25566,2.471149779,5.687,5.115480053,19.80394464,16551,16960,883,2587,26.36171338,16.53644244,6056,6056,16521,11492,16496,15684,15662,15597,15679,15731,15705,16112,16299,16362,16576,15723,3771,22.82549482,4.1,4.4,6.7,6.8,6.4,5.6,5.7,4.7,3.8,3.2,2.9,2.9,2.5,4,3.1,14075,85.19460081
"46",5089,"AR","Marion",4768,28.33709735,56,0.332818257,2.39,20,0.118863663,8.446882913,8.892561984,1770,13.82704476,4682,36.57526756,3311,25.86516678,1105,8.632138114,1933,15.10038278,16826,582,8.374100719,15,0.089552239,62,0.370149254,38,0.226865672,0,0,148,0.88358209,0,0,326,1.946268657,1087,15.64028777,379,2.252466421,32.05574913,596.6534775,42892,41038,961,5.711399025,261.2781955,127,0.754784262,-0.984462104,-928,-5.569,-166,1,0.005930495,30,0.18,282,1.672399478,957,5.743,27,0.388489209,51.35135135,-28.57142857,28.28282828,-3.439203157,754,3000,5728,6957,6873,6679,6706,6721,6633,6549,6582,6552,6532,6478,6489,6668,6265,6089,6575,6446,5900,6051,6118,6109,6059,6178,6217,6271,6221,6225,6407,5860,5829,382,427,779,655,603,524,490,404,335,261,257,264,261,405,260,5582,80.31654676,1.536312849,-8,-11.3,-3.7,-8.5,-0.5,6.075418994,4.504189944,4.259776536,3.090083799,25.59357542,0.104748603,35.73673184,15.01396648,4.085195531,30.7,17.8,23231,0.687937374,0.174,1.038851859,28.20062337,16862,16978,953,2986,24.92561983,18.08754371,6950,6950,16826,12801,16750,16665,16671,16621,16444,16423,16215,16376,16429,16665,16694,16644,3006,17.86520861,5.5,6.2,11.7,9.8,9,7.9,7.5,6.1,5.1,4,4,4.1,3.9,6.5,4.3,15414,91.60822537
"47",5091,"AR","Miller",7230,16.97183099,205,0.481220657,2.56,10922,25.63849765,8.185995045,10.0589941,3828,13.10285812,10586,36.23481088,7815,26.74995721,2036,6.969022762,4950,16.94335102,42600,2892,17.80788177,50,0.116618076,74,0.172594752,2,0.004664723,399,0.930612245,71,0.165597668,374,0.872303207,635,1.481049563,1706,10.50492611,1583,3.715962441,52.50481696,624.0404396,45450,46610,2341,5.495305164,217.2086721,246,0.577464789,-0.159736904,1048,2.406,-68,-6,-0.014094433,-215,-0.494,147,0.345313601,-1353,-3.106,44,0.270935961,4.591836735,3.144772878,-12.14285714,-10.09416441,2283,7517,16620,19523,19988,19876,20554,20723,20358,19673,19522,19993,19904,19758,19511,19751,19343,18987,18638,19187,18769,19406,19468,19195,18441,18411,19007,19067,18894,18583,18959,18003,18074,885,801,1107,1148,1255,1163,1232,1111,986,837,864,928,792,1340,913,10552,64.97536946,0.848375451,4.1,-3,-6.9,-5,0.4,6.10709988,4.819494585,7.870036101,1.004813478,16.2755716,0.379061372,39.72322503,15.70397112,7.268351384,30.2,20.4,25453,0.185576697,-0.7,-1.98334177,68.26480673,42570,42649,2972,8483,22.82771723,18.082317,16240,16240,42600,29215,42875,43562,43762,43663,43402,43458,43792,43713,43736,43362,43257,43462,9876,23.18309859,4.5,4,5.6,5.6,6.1,5.7,6.3,5.7,4.9,4.2,4.4,4.8,4,6.9,4.8,27593,64.77230047
"48",5093,"AR","Mississippi",6065,14.90721396,242,0.594813813,2.59,14251,35.02765147,8.564357673,14.066103,4654,17.38578206,11058,41.3089768,5282,19.7317793,1962,7.329373529,3813,14.24408831,40685,3107,19.96145198,5,0.012177005,107,0.260587906,0,0,543,1.322422737,12,0.029224812,463,1.127590658,667,1.62441246,1787,11.4808866,1771,4.352955635,4.483775811,902.0929572,41007,45740,1777,4.367703085,155.6834532,67,0.164679857,-0.014813718,1140,2.457,-6,7,0.01728267,-31,-0.067,-836,-2.064044639,-6888,-14.845,126,0.809508513,5.676855895,-9.580610367,-44.16666667,-18.66149577,3154,8717,17443,21330,21776,21428,20369,20852,20319,19088,19205,18412,18099,17782,17336,17384,17269,16310,19755,20119,18477,17940,18453,18179,16978,17473,16774,16869,16718,16369,16518,15704,15141,1575,1657,2951,2429,2399,2140,2110,1732,1638,1230,1064,967,866,1565,1169,9048,58.13042082,4.620764777,-9.2,-23.4,-15.6,-4.9,-3.6,4.976208221,3.789485754,3.439775268,2.247319842,27.46087256,0.177721722,35.87685605,12.98515164,4.425844178,31.2,23.9,25267,-2.078858356,-12.388,-12.46772806,45.10067358,40503,39661,3175,9276,30.30361261,21.79086569,15565,15565,40685,26769,41061,46399,46031,45553,44695,44247,43729,42900,42112,41236,40651,46481,10497,25.80066364,7.4,7.6,13.8,11.9,11.5,10.5,11.1,9,8.9,6.8,6,5.6,5,9.1,7.2,22861,56.1902421
"49",5095,"AR","Monroe",1590,23.38579203,28,0.411825268,2.42,2751,40.46183262,12.49266001,30.88334457,1030,21.18905575,2007,41.28780086,901,18.53528081,268,5.513268875,655,13.47459371,6799,383,13.60085227,0,0,20,0.289729103,0,0,0,0,0,0,0,0,20,0.289729103,653,23.18892045,186,2.735696426,40.90909091,607.4687991,37113,41667,257,3.779967642,167.7083333,30,0.441241359,-0.51736881,-242,-2.974,-35,0,0,-3,-0.037,-47,-0.694752402,-1195,-14.684,3,0.106534091,-22.22222222,-16.98853349,3.448275862,-22.22466476,537,1461,2524,3846,3810,3702,3410,3381,3284,3141,3116,2986,2886,2798,2741,2755,2722,2621,3584,3568,3405,3107,3075,3000,2873,2911,2808,2747,2678,2626,2640,2541,2482,262,242,297,303,306,284,268,205,178,139,120,115,115,181,139,1791,63.60085227,7.765451664,-13.3,-30.7,-20.1,-3.8,-2.3,5.071315372,4.041204437,5.982567353,0,16.75911252,0.039619651,35.73692552,14.85736926,9.746434231,36.5,25.3,23446,-1.212121212,-17.658,-16.56644987,11.19234438,6765,6683,542,1667,36.21038436,21.44744568,2816,2816,6799,4861,6903,8138,8099,7854,7690,7634,7452,7205,7013,6880,6701,8155,1435,21.10604501,6.8,6.4,8,8.9,9.1,8.6,8.5,6.6,6,4.8,4.3,4.2,4.2,6.6,5.3,3538,52.03706427
"50",5097,"AR","Montgomery",2290,26.99198491,47,0.55398397,2.29,13,0.153229609,7.633678695,11.35626217,1030,16.04111509,2111,32.87649899,1729,26.9272699,566,8.814826351,985,15.34028967,8484,289,7.876805669,7,0.082111437,67,0.785923754,0,0,141,1.653958944,15,0.175953079,141,1.653958944,230,2.697947214,561,15.29026983,415,4.891560585,14.95844875,780.4529693,41359,41032,505,5.952380952,167.1957672,92,1.084394154,-0.945738267,-445,-4.679,-80,-1,-0.011821728,42,0.442,232,2.742640974,-79,-0.831,43,1.171981466,-4.081632653,-23.52941176,22.66666667,-14.84215308,358,1589,3119,4205,4150,4152,3931,3832,3620,3459,3400,3271,3133,3092,3051,2980,2958,2876,3980,3917,3863,3602,3493,3326,3177,3137,3054,2972,2943,2908,2845,2752,2737,225,233,289,329,339,294,282,263,217,161,149,143,135,206,139,2921,79.61297356,8.33600513,-9.5,-31.2,-24,-3.3,-0.5,9.169605643,4.360371914,3.847386983,0.448861815,10.42000641,1.41070856,39.08303944,16.54376403,6.38025008,29.6,19.9,24184,1.796902707,-5.51,-10.57236218,10.87061019,8459,8611,460,1692,23.23166775,18.92342503,3669,3669,8484,6421,8525,9510,9402,9340,9252,9162,9027,8936,8890,8910,8986,9497,1681,19.81376709,5.4,5.6,7,8.4,8.8,8.1,8.2,7.7,6.6,5.1,4.8,4.7,4.5,7,4.8,7499,88.38991042
"51",5099,"AR","Nevada",1736,20.89049338,41,0.493381468,2.67,2433,29.27797834,6.014208721,10.50646552,517,9.032145353,2937,51.31027254,1166,20.37037037,467,8.158630328,637,11.12858141,8310,527,17.16612378,0,0,0,0,0,0,0,0,1,0.011990408,0,0,1,0.011990408,339,11.04234528,354,4.259927798,60.90909091,617.7896612,40283,42670,383,4.608904934,213.9344262,37,0.445246691,-0.603573153,-94,-1.045,-50,-2,-0.024142926,-18,-0.2,-47,-0.567358764,-651,-7.236,0,0,78.26086957,-11.78390138,32.14285714,-12.21634533,889,2055,3138,4304,4225,4232,4021,4172,4156,3812,3732,3675,3650,3603,3646,3655,3545,3373,4056,3940,3844,3635,3796,3847,3526,3513,3495,3515,3475,3521,3514,3336,3237,248,285,388,386,376,309,286,219,180,135,128,125,141,209,136,2085,67.91530945,3.186743149,-10.4,-20.2,-10.9,-5.1,-3,5.79987253,2.58126195,2.230720204,0.031867432,16.31612492,0.350541746,56.78776291,8.094327597,4.620777565,32.2,21.2,20095,-1.170931917,-8.281,-7.635878626,13.45118011,8284,8187,592,1705,47.8987069,25.17148457,3070,3070,8310,5724,8340,8997,9008,8909,8772,8645,8508,8378,8309,8308,8252,9020,1877,22.58724428,5.8,6.7,9.2,9.6,9,7.4,7.5,5.9,4.9,3.7,3.6,3.4,3.9,5.9,4,5145,61.9133574
"52",5101,"AR","Newton",1947,26.94809689,24,0.332179931,2.63,6,0.083044983,3.306805708,6.567366283,790,14.78016838,2026,37.90458372,1280,23.94761459,372,6.959775491,877,16.40785781,7225,261,9.425785482,0,0,7,0.095328885,0,0,0,0,55,0.749012665,0,0,70,0.953288847,445,16.07078368,82,1.134948097,-41.84397163,821.0718687,41823,42817,401,5.55017301,120.3296703,66,0.91349481,-0.625173659,-171,-2.059,-45,0,0,5,0.06,51,0.708530147,-380,-4.576,7,0.252798844,9.090909091,20,-21.42857143,-15.65746136,233,751,2667,3473,3458,3446,3788,3785,3644,3511,3388,3409,3417,3322,3301,3323,3186,3182,3294,3263,3175,3536,3515,3387,3274,3195,3246,3284,3201,3191,3209,3023,3085,179,195,271,252,270,257,237,193,163,133,121,110,114,163,97,2188,79.01769592,4.0119985,7.3,-6.3,-12.8,-5.8,2.1,12.82339708,4.49943757,6.936632921,0.262467192,17.13535808,0,36.07049119,11.736033,6.524184477,30,19.1,22406,0.083356488,-6.635,-13.26530612,8.799473317,7198,7204,408,1366,15.77522004,10.30461032,2769,2769,7225,5345,7343,8304,8251,8052,8042,7867,7846,7848,7815,7800,7753,8315,1297,17.95155709,5.2,5.6,7.9,6.7,7.1,7.1,6.8,5.7,4.8,3.9,3.6,3.3,3.4,5.1,3,6658,92.15224913
"53",5103,"AR","Ouachita",4735,20.90507726,123,0.543046358,2.59,8856,39.09933775,11.04883907,20.12480499,1995,12.43843132,6501,40.53245215,4269,26.61637259,1143,7.12637945,2131,13.28636449,22650,1646,18.95003454,15,0.065622539,3,0.013124508,0,0,125,0.546854493,46,0.201242453,82,0.358736547,189,0.826843993,1221,14.05710338,516,2.278145695,26.47058824,732.7209443,47169,43338,1132,4.997792494,169.5238095,49,0.216335541,-0.694936261,-598,-2.296,-157,1,0.004426346,40,0.154,-129,-0.570998584,-2066,-7.932,4,0.046051117,29.47368421,-15.12363427,-38.75,-17.7750578,1672,4752,8469,11895,11826,12086,11386,11090,10614,10380,10085,9977,9897,9722,9756,9846,9840,9716,11017,11076,11129,10346,9982,9550,9406,9304,9357,9399,9275,9313,9351,9243,9340,878,750,957,1040,1108,1064,974,781,620,498,447,443,495,597,376,6255,72.0124338,1.050891487,-6.1,-15.2,-9.7,-1.2,1,5.455189515,2.255283977,7.568780257,0.531349628,24.70185382,1.487778959,38.90660054,9.43440784,8.607863975,29.4,20.2,22485,-1.265934844,-10.228,-13.2848392,30.91217765,22592,22306,1447,4437,32.60530421,21.13690953,8686,8686,22650,16039,22858,26046,25737,25398,24948,24761,24316,24013,23817,23620,23382,26128,4899,21.62913907,7.4,6.3,7.9,9.1,10,10,9.4,7.7,6.2,5,4.6,4.5,5,6.1,3.9,12092,53.38631347
"54",5105,"AR","Perry",2051,20.4711049,12,0.119772432,2.66,107,1.067970855,7.873857588,13.04728546,617,8.702397743,3076,43.38504937,1727,24.35825106,429,6.050775741,1241,17.50352609,10019,394,10.55734191,0,0,6,0.059665871,17,0.169053302,47,0.467382657,0,0,39,0.387828162,74,0.735879077,517,13.85316184,286,2.854576305,15.78947368,551.3772716,51204,47500,567,5.65924743,233.5294118,43,0.429184549,-0.700210063,-113,-1.082,-70,0,0,15,0.144,37,0.370111033,124,1.187,0,0,-29.41176471,-45.40816327,-27.11864407,-7.260456079,466,1528,3782,4770,4760,4705,4554,4495,4429,4385,4261,4218,4174,4246,4245,4313,4132,4092,4535,4495,4340,4163,4095,4044,3986,3940,3963,3974,4068,4071,4141,3899,3924,235,265,365,391,400,385,399,321,255,200,178,174,172,233,168,2906,77.86709539,5.552617663,-8.2,-13.5,-5.7,-5.8,0.6,15.83818086,3.120042306,4.997355896,1.295610788,12.5330513,0.132205182,35.85404548,15.6530936,5.023796933,23.9,15.2,24857,-0.33009903,0.105,-4.078506462,18.17086143,9997,9964,506,1500,20.4028021,15.34598775,3732,3732,10019,7090,10056,10444,10383,10328,10335,10360,10307,10286,10346,10380,10455,10444,2199,21.94829823,4.9,5.6,7.8,8.6,8.9,8.7,9.1,7.5,6,4.8,4.2,4.1,4,5.6,4.1,9069,90.51801577
"55",5107,"AR","Phillips",3235,19.5255915,64,0.386286818,2.65,10305,62.19821342,17.96870352,30.59217877,2010,18.31268222,3489,31.78753644,2770,25.23688047,1132,10.31341108,1575,14.3494898,16568,1613,25.54235946,12,0.070909413,0,0,0,0,59,0.348637948,0,0,43,0.254092064,71,0.419547362,969,15.34441805,264,1.593433124,-8.013937282,690.3600171,32419,32235,409,2.468614196,98.54368932,38,0.229357798,-0.09729401,276,1.273,-16,0,0,-26,-0.12,-523,-3.180297963,-4170,-19.238,11,0.17418844,0,-24.51655435,-2.564102564,-26.46317186,2130,5603,5525,8941,8930,8803,8572,8391,7990,7633,7277,7023,6668,6532,6572,6361,6303,5865,8282,8295,7977,7699,7415,7100,6785,6593,6498,6274,6151,6178,5992,5723,5412,659,635,826,873,976,890,848,684,525,394,381,394,369,580,453,3322,52.60490895,5.574660634,-7,-34.7,-29.7,-4.5,-5.4,3.656108597,5.140271493,4.14479638,0.416289593,12.94117647,0,42.85972851,18.84162896,6.425339367,45.9,35.7,20242,-3.277591973,-17.965,-23.84979547,23.99907235,16445,15906,1870,5623,47.59776536,33.33729993,6315,6315,16568,10976,16923,21676,21406,20736,20437,19952,19546,19050,18599,18054,17782,21755,4240,25.59150169,7.4,7.1,9.4,10.2,11.6,11.1,11.1,9.4,7.5,5.9,5.8,6,5.8,9.2,7.7,5541,33.44398841
"56",5109,"AR","Pike",2054,20.19467112,16,0.157309999,2.49,238,2.339986235,5.482041588,5.032021958,865,12.10467394,2729,38.18919675,1674,23.4256927,486,6.801007557,1392,19.47942905,10171,295,7.298367145,0,0,10,0.097713504,11,0.107484854,317,3.097518077,15,0.146570256,218,2.130154387,353,3.449286691,549,13.58238496,831,8.170288074,14.30536451,600.3350386,43710,46672,628,6.174417461,239.4594595,83,0.81604562,-0.885391048,-217,-1.926,-90,0,0,29,0.257,-9,-0.088539105,-329,-2.921,19,0.470064325,-70.90909091,-27.21712538,31.74603175,-14.43340359,358,1783,4359,5170,5056,5030,4900,4691,4433,4260,4273,4231,4228,4293,4297,4248,4270,4183,4873,4753,4650,4475,4248,4052,3898,3970,3987,4048,4120,4124,4089,4016,3999,297,303,380,425,443,381,362,303,244,180,173,173,159,254,184,3102,76.74418605,5.437026841,-8.2,-17.9,-10.6,-1.8,-0.4,7.455838495,4.335856848,4.129387474,1.65175499,16.9075476,0,41.45446203,12.96168846,5.666437256,25.2,18.6,26008,-0.973930152,-4.847,-9.919404836,16.94220618,10165,10066,541,1844,16.37694419,17.73952841,4042,4042,10171,7146,10234,11264,11241,11254,11121,10989,10837,10826,10735,10666,10718,11287,2274,22.35768361,5.7,6,7.6,8.7,9.4,8.6,8.5,7.1,5.8,4.3,4,4,3.7,5.9,4.4,8525,83.81673385
"57",5111,"AR","Poinsett",4153,18.08404093,56,0.243849336,2.55,1773,7.720444154,7.578094021,11.57933992,2920,18.51030111,7067,44.79873217,3323,21.06497623,649,4.114104596,1816,11.5118859,22965,1300,14.45729537,36,0.155092194,6,0.025848699,0,0,178,0.766844736,9,0.038773048,177,0.762536619,236,1.016715492,911,10.13122776,829,3.609841062,52.67034991,758.2951967,42639,42854,1166,5.077291531,253.3333333,91,0.396255171,-0.589699908,-221,-0.901,-135,6,0.026208885,63,0.257,-98,-0.428078452,-766,-3.125,71,0.789590747,24.44444444,0.510204082,62.5,-12.42173575,1752,4722,9442,10779,10657,10498,10722,10755,10423,10198,10177,10105,10108,10255,10130,10037,9753,9676,9986,9979,9579,9758,9775,9556,9360,9489,9548,9675,9826,9746,9698,9206,9299,793,678,919,964,980,867,838,688,557,433,429,384,339,547,377,5810,64.61298932,6.72527007,-2.3,-6.9,-4.7,-5.1,1,7.000635459,2.584198263,3.039610252,1.323872061,15.71700911,0.052954882,41.49544588,14.80618513,7.254818894,30.3,22.2,22170,-1.01777836,-4.026,-6.58178416,30.28503952,22893,22660,1621,4948,32.66828268,20.80451161,8992,8992,22965,15775,23212,24515,24449,24299,24187,24152,24002,23974,24071,23903,23528,24576,5435,23.66644894,7.4,6.4,8.8,9,9.1,8.3,8.2,6.8,5.5,4.3,4.2,3.8,3.4,5.6,3.9,19163,83.44437187
"58",5113,"AR","Polk",4437,23.08412674,100,0.520264294,2.5,39,0.202903075,5.345895581,8.00461361,1569,11.53082972,5178,38.05394282,3646,26.79503197,1102,8.098772691,2112,15.5214228,19221,786,10.16028956,4,0.020538098,38,0.195111933,0,0,578,2.967755186,59,0.302936948,493,2.5313206,789,4.051139864,1072,13.85729059,1278,6.648977681,7.394957983,856.8382487,43166,43444,1658,8.625981999,246.8619247,335,1.742885386,-0.568241059,-346,-1.674,-109,0,0,42,0.203,280,1.459701804,-357,-1.727,95,1.228024819,13.63636364,-27.77777778,-3.735632184,-13.24599709,1408,4018,7466,8783,8806,8762,9012,8929,8772,8545,8546,8362,8194,8027,8064,8079,8005,7771,8345,8356,8101,8367,8246,8148,7950,8024,7887,7794,7665,7737,7748,7468,7428,438,450,661,645,683,624,595,522,475,400,362,327,331,537,343,5972,77.1975181,5.893383338,0.3,-11,-11.2,-3.6,-0.5,7.420305384,2.59844629,2.973479775,0.857219395,15.67104206,0.870613448,42.96812215,14.82721672,5.920171444,28.8,19.3,26879,0.891460744,-3.402,-6.974155454,22.43247197,19182,19353,1241,3697,32.47981546,20.91510072,7736,7736,19221,13607,19476,20667,20558,20420,20342,20249,20194,20145,20147,20019,19964,20654,4314,22.44420165,5,5.1,7.5,7.2,7.6,7.1,7,6.1,5.7,4.9,4.5,4.1,4.1,6.7,4.4,16092,83.72093023
"59",5115,"AR","Pope",10181,16.06317351,664,1.047632571,2.58,2060,3.250185387,5.868521113,6.242937853,6442,15.7560045,13836,33.84043438,8388,20.51557991,2718,6.647752287,9502,23.24022893,63381,3063,13.14366632,17,0.026884271,852,1.347376411,29,0.045861404,2442,3.861846475,98,0.154979916,1421,2.24720878,3495,5.527089857,2815,12.07947134,6415,10.12132974,53.91074856,811.1276095,47049,47322,5162,8.144396586,277.8916545,456,0.719458513,-0.153127269,1810,2.914,-97,-2,-0.003157263,453,0.729,540,0.852461087,153,0.246,596,2.557500858,11.22278057,17.84897025,14.86146096,-6.763933143,3122,10419,26903,29863,30116,29455,30095,30519,30198,29901,29921,29886,29332,29089,28978,29068,27870,27266,28420,28654,27263,27834,28246,28091,27768,28094,28333,27981,27789,27710,27848,26218,26186,1443,1462,2192,2261,2273,2107,2133,1827,1553,1351,1300,1268,1220,1652,1080,16766,71.94473052,1.587183586,-2.1,-7.9,-5.9,-5.9,-0.1,5.794892763,4.590566108,2.486711519,0.888376761,17.366093,0.494368658,44.38538453,14.46307103,7.943352043,23.1,18,26212,0.699333817,3.161,2.634647148,78.13936951,63346,63789,3300,10897,22.0480226,17.37542526,23304,23304,63381,40886,63234,62109,62687,62631,62588,63117,63608,63897,63634,63594,64072,61753,14408,22.73236459,4.8,4.9,7.4,7.5,7.4,7,7.1,6.1,5.2,4.6,4.5,4.4,4.2,5.9,4,50037,78.94637194
"60",5117,"AR","Prairie",1955,23.60540932,20,0.241487563,2.42,922,11.13257667,4.369352643,3.341433779,793,13.16182573,2552,42.35684647,1306,21.67634855,453,7.518672199,921,15.28630705,8282,387,11.43279173,0,0,7,0.084276427,0,0,7,0.084276427,1,0.01203949,7,0.084276427,15,0.180592343,699,20.64992614,145,1.750784835,79.01234568,647.5203352,59367,47335,302,3.646462207,277.5,19,0.229413185,-0.436469447,-199,-2.282,-36,0,0,-9,-0.103,-77,-0.933559651,-461,-5.285,0,0,300,-13.10084826,-26.92307692,-7.309236948,146,806,3573,4376,4369,4276,3964,3916,3842,3827,3841,3744,3656,3696,3555,3611,3611,3527,4121,4123,3944,3613,3591,3563,3564,3624,3571,3516,3544,3420,3459,3417,3397,255,246,332,351,325,279,263,217,173,140,152,135,152,194,130,2552,75.39143279,7.864539603,-12.3,-17.6,-6,-1.2,-0.6,6.940945984,6.689056815,6.241253848,1.175482788,10.69129583,0,38.79093199,13.26616289,8.340330255,23.5,15.7,27799,-1.370029098,-7.567,-4.968445209,12.7903319,8248,8135,392,1257,8.869987849,9.976482238,3385,3385,8282,6025,8306,8722,8599,8482,8375,8347,8299,8252,8248,8082,8062,8716,1787,21.57691379,5.8,5.6,7.8,8.9,8.3,7.3,6.9,5.6,4.6,3.8,4.1,3.8,4.2,5.4,3.7,6924,83.60299445
"61",5119,"AR","Pulaski",63870,16.00250548,9933,2.488694018,2.38,142139,35.61265268,7.439253673,11.3049272,23083,8.522869929,69538,25.67531643,58689,21.66957125,21094,7.78847716,98432,36.34376523,399125,26199,15.90739358,1231,0.309350114,7342,1.845043487,641,0.161083203,9733,2.445901425,1702,0.427712342,5628,1.414315547,20991,5.275035119,18964,11.5144781,33153,8.306420294,49.55341032,758.3082169,53597,55235,25294,6.337362982,221.7656787,1169,0.292890698,0.079183508,16551,4.315,316,118,0.029568525,5572,1.453,-1568,-0.39291057,-8178,-2.132,2894,1.75716619,33.77777778,6.677323967,-7.73480663,-8.362896026,21286,61978,187423,188562,189490,189196,189160,189186,189310,187838,185985,186837,187419,188436,188411,189699,189050,184896,179494,180574,176754,175899,175745,176846,175881,175968,178413,180752,181973,181973,183378,174991,175806,9068,8916,12442,13261,13441,12464,11957,10017,8424,6667,6463,6438,6321,14059,9090,96233,58.43032964,0.393761705,-2,-2.1,-0.1,-4.6,0.5,5.806651265,7.439321748,6.489598395,2.15341767,6.852947611,0.089103258,51.48460968,13.68455312,5.606035545,24.9,17.6,35718,-0.313727062,2.183,4.278794403,526.3361139,399073,397821,22594,68564,23.24992081,15.83236262,164697,164697,399125,270836,397931,383538,386990,389225,391512,392952,393576,394151,393280,391918,391911,382749,89547,22.43582837,4.8,4.7,6.6,7,7.1,6.6,6.4,5.4,4.5,3.6,3.4,3.4,3.3,7.4,4.9,193993,48.6045725
"62",5121,"AR","Randolph",3571,19.22890528,73,0.393085994,2.51,140,0.753863551,6.255545697,9.46925415,1821,14.41234666,4839,38.29837752,2795,22.1210922,1150,9.101701623,2030,16.06648199,18571,777,10.74094554,14,0.075913675,37,0.200628999,0,0,181,0.981455374,177,0.959765752,141,0.764559158,655,3.551675523,1036,14.32126071,384,2.067740025,35.68904594,651.9126691,43484,42225,850,4.577028701,237.3015873,84,0.45231813,-0.107636833,-233,-1.298,-20,11,0.059200258,-61,-0.34,304,1.636079867,236,1.314,48,0.663533315,160.7142857,9.375,-5.617977528,-3.906884941,1241,3474,6961,7568,7497,7631,7246,7146,6891,6727,6592,6209,6534,6922,7161,7313,7449,7313,6856,6889,6935,6530,6376,6175,6103,6084,5772,6232,6632,6879,7036,7006,7025,712,608,696,716,770,716,624,508,437,302,290,282,277,443,288,5298,73.23748963,4.467748887,-4.8,2.5,7.6,-0.4,0.3,9.26591007,3.045539434,3.045539434,0.143657521,18.37379687,0.244217785,39.40525787,14.65306709,7.355265048,24.4,17,24648,1.528443033,0.017,3.350214258,28.48694446,18581,18865,1113,3141,29.01566519,19.26574978,7234,7234,18571,12635,18442,17955,17973,17840,17625,17569,17437,17444,17665,17970,17958,17969,4444,23.92978299,9.4,8.1,9.1,9.9,10.8,10.4,9.3,7.7,7,4.6,4.2,3.9,3.8,5.9,3.9,16553,89.13359539
"63",5123,"AR","St. Francis",3808,16.49198787,122,0.528367259,2.53,12501,54.14032049,11.32148941,17.31992612,2950,17.68055139,6559,39.31075817,3856,23.11057836,1417,8.492658076,1903,11.405454,23090,1810,22.21949423,61,0.258222918,39,0.165093341,0,0,681,2.882783728,35,0.148160691,177,0.74926978,832,3.52199128,1196,14.68205254,686,2.97098311,-40.29590949,634.7840148,36781,34981,589,2.55088783,43.65853659,65,0.281507146,0.030374035,509,1.805,7,7,0.030374035,157,0.557,-314,-1.362492406,-3709,-13.155,319,3.916032409,-8.270676692,-14.17095778,-48.81889764,-23.11033158,1838,5859,8020,10427,10292,10343,9815,9789,9527,9220,9044,8992,8855,8360,8284,8193,8022,7675,9409,9335,9281,8806,8747,8536,8284,8274,8351,8394,7937,7868,7781,7388,7201,1018,957,1062,1009,1042,991,936,770,641,461,423,416,412,634,474,4394,53.94058434,6.08478803,-6.4,-23.5,-18.2,-5.1,-2.5,10.93516209,3.179551122,8.129675811,0.935162095,12.51870324,0.336658354,37.7680798,13.97755611,6.134663342,42.2,32.2,19667,-1.332118372,-11.35,-18.28862623,36.37457696,23046,22739,1996,6108,37.71803817,28.51788756,8146,8146,23090,16685,23623,28194,27994,27992,27508,27088,26651,26347,25997,25509,24994,28253,4684,20.28583803,9.8,9.3,10.3,10.3,10.6,10.4,10.2,8.5,7.1,5.2,5.1,5,5,7.9,6.2,9206,39.87007362
"64",5125,"AR","Saline",22190,17.97984054,1453,1.177318986,2.55,10351,8.387081092,3.663379443,3.979214123,6952,8.193282263,26015,30.65998821,20179,23.78196818,8019,9.450795522,23685,27.91396582,123416,5413,11.40347181,62,0.050691696,981,0.802073454,16,0.013081728,2201,1.799555221,321,0.26245217,1387,1.134022304,3615,2.955652942,4624,9.741299402,8507,6.89294743,108.1477857,723.5323623,68107,68605,7975,6.461885007,420.9013717,522,0.422959746,-0.088129947,2447,2.273,-109,18,0.014553569,359,0.333,1661,1.34297103,12334,11.457,626,1.31878318,57.93478261,109.322548,5.668016194,1.51839493,3314,10455,59150,48397,49402,49398,53348,53987,54644,55120,55039,56229,56952,57474,58664,59554,58783,57900,46342,47224,46183,49934,50565,51443,52011,52439,53970,55170,55729,56890,57919,55813,56082,2055,2178,3215,3414,3422,3201,3109,2600,2259,1782,1745,1774,1635,2970,1818,37187,78.34119828,0.622147084,7.8,21,12.3,-3.6,0.5,7.824175824,7.607776839,6.037193576,1.913778529,8.125105664,0.229923922,46.08453085,15.26796281,6.287404903,12.1,8.5,33861,1.254841083,13.73,15.21499655,170.5742637,123681,125233,3426,10572,11.79527335,8.649645906,47468,47468,123416,84850,122308,107656,109553,111442,113348,114874,116390,117656,119520,121074,122437,107135,29564,23.95475465,4.2,4.4,6.5,6.4,6.3,5.9,5.6,4.7,4,3.1,3,3,2.7,5.1,3.1,96745,78.38934984
"65",5127,"AR","Scott",2018,20.51647011,275,2.795851972,2.51,31,0.315168768,4.084321476,3.981164384,1387,20.04045658,2827,40.84669845,1436,20.74844676,514,7.426672446,757,10.93772576,9836,258,6.55154901,0,0,76,0.765511684,0,0,244,2.457695407,6,0.060435133,72,0.725221596,326,3.283642224,534,13.56018283,748,7.604717365,-4.347826087,892.8499592,39974,43577,739,7.513216755,162.0567376,183,1.860512403,-0.101926409,1,0.009,-10,0,0,-32,-0.284,21,0.214045459,-995,-8.825,142,3.605891315,-27.44063325,-39.21568627,-3.684210526,-16.23031188,516,1495,4192,4813,4827,4894,4756,4855,4710,4656,4614,4546,4469,4433,4388,4331,4345,4216,4588,4599,4564,4434,4529,4409,4373,4388,4333,4305,4279,4231,4188,4150,4076,225,228,330,322,326,301,283,226,213,164,154,157,143,195,140,2909,73.86998476,6.917938931,-3.4,-11.2,-8.1,-0.9,-1.8,5.08110687,5.510496183,3.936068702,0.691793893,27.83874046,0.286259542,34.63740458,10.20992366,4.890267176,29.5,17.3,22064,0.11211905,-8.816,-12.43657082,11.01640864,9811,9822,658,1681,22.0890411,15.15151515,3938,3938,9836,6921,9928,11275,11264,11033,10934,10686,10561,10332,10369,10339,10281,11241,2329,23.67832452,4.7,4.7,6.7,6.8,6.7,6.4,6.1,4.9,4.7,3.7,3.5,3.6,3.3,4.5,3.3,8031,81.64904433
"66",5129,"AR","Searcy",1986,25.370465,20,0.255493102,2.63,5,0.063873275,6.930693069,11.23234917,1145,19.84746057,2282,39.55624892,1041,18.04472179,417,7.228289132,884,15.3232796,7828,252,8.502024292,0,0,8,0.101626016,0,0,34,0.431910569,11,0.139735772,34,0.431910569,53,0.673272358,479,16.16059379,140,1.788451712,15.70247934,665.8337614,35422,39627,556,7.102708227,207.1823204,65,0.83035258,-0.817682381,-329,-4.021,-64,1,0.012776287,23,0.281,117,1.494825604,28,0.342,0,0,81.81818182,66.66666667,-28.57142857,-9.076923077,598,1876,2905,3579,3591,3555,3388,3318,3232,3143,3016,3039,2994,2935,2924,2908,2878,2920,3401,3399,3285,3088,3028,2977,2899,2829,2870,2857,2798,2799,2779,2692,2796,178,192,270,300,290,255,244,187,169,137,137,125,129,186,124,2184,73.68421053,5.714285714,-9.2,-17.8,-9.5,-3.1,3.9,5.473321859,4.234079174,5.576592083,0.17211704,17.21170396,0,40.51635112,14.56110155,6.540447504,32,20.9,20532,0.677143222,-3.679,-4.478340451,11.75668831,7827,7880,496,1633,38.38254172,24.12241224,2964,2964,7828,5769,7872,8182,8078,8005,7991,7924,7835,7968,7927,7930,7881,8195,1554,19.851814,5,5.3,7.6,8.9,8.7,7.9,7.8,6.2,5.6,4.6,4.7,4.3,4.4,6.5,4.2,7092,90.59785386
"67",5131,"AR","Sebastian",20857,16.320159,5700,4.460128796,2.45,7891,6.174539707,6.937337871,10.35724908,13214,15.42268234,25325,29.55800138,20426,23.84014753,6155,7.183790661,20559,23.9953781,127799,7347,14.24196018,166,0.129747305,3611,2.822394698,76,0.059402381,6963,5.442352334,281,0.219632487,4354,3.403131131,11222,8.771230489,6121,11.86539244,19328,15.12374901,25.14082227,531.1818553,49170,50226,13722,10.73717322,203.6512503,2379,1.861516913,0.054799239,4125,3.281,70,24,0.018788311,686,0.546,591,0.462662147,-2035,-1.618,1531,2.967801966,13.11768208,0.547910296,8.828911253,-9.608560354,7649,22103,58021,61570,61428,60333,59472,59300,59261,58482,57622,57971,57697,57208,56790,56835,56085,54294,58352,58413,55783,54881,54399,54791,54232,54425,55224,55543,55131,54795,55011,52716,52275,3218,3015,4550,4591,4901,4470,4250,3197,2747,2154,2077,1995,1824,3369,2019,30787,59.67976428,1.030661312,-5.9,-10.4,-4.7,-4.2,-0.8,6.676892849,4.232950139,3.672808121,0.951379673,16.69740266,0.951379673,43.82378794,14.82049603,7.142241602,23.4,19.5,29684,0.517461386,1.662,1.634272808,240.5936851,127739,128400,7026,24574,25.27842956,17.53413139,51587,51587,127799,85679,127941,125737,127010,127571,127173,126733,127385,127385,127786,127570,127827,125740,30418,23.8014382,5.2,4.9,7.5,7.7,8.3,7.5,7.3,5.5,4.7,3.7,3.6,3.5,3.2,6,3.7,82785,64.77750217
"68",5133,"AR","Sevier",2362,14.91255761,60,0.378811794,2.91,550,3.472441442,9.169288861,15.72562858,2662,26.46912598,3474,34.54310431,1917,19.0613503,835,8.302674754,1169,11.62374466,15839,620,11.27682794,0,0,33,0.205300485,0,0,2342,14.57011323,14,0.087097176,2260,14.05997263,2732,16.99639169,558,10.14914514,5508,34.77492266,5.517241379,563.574383,46651,49470,1788,11.28859145,241.873805,305,1.925626618,0.481683357,937,5.463,76,0,0,-14,-0.082,-71,-0.449993662,-1081,-6.303,378,6.875227355,-3.225806452,-23.29149233,-5.864197531,-19.35483871,1473,3440,6657,7694,7543,7541,7089,6402,6224,6018,5889,5688,5704,5665,5594,5526,5543,5368,7372,7240,7105,6613,5842,5706,5533,5491,5348,5427,5407,5341,5267,5218,5132,322,303,436,476,560,518,485,398,340,277,258,253,259,325,236,3525,64.11422335,6.459366081,-10.3,-30.4,-22.4,-0.9,-1.6,9.493765961,3.69535827,3.259726604,0,27.70016524,0.495718792,31.75604627,11.82214211,5.317710681,26,18.3,24415,0.031689695,-0.84,-7.146207058,28.10454215,15778,15783,1148,2854,32.48786943,21.64883575,5498,5498,15839,10057,16074,17151,17218,17188,17356,17410,17262,16971,17103,17061,17007,17059,4434,27.99419155,4.2,4,5.8,6.7,8.7,8.3,8.1,6.8,6,4.9,4.6,4.5,4.7,5.9,4.4,8400,53.03365111
"69",5135,"AR","Sharp",4413,25.55150252,57,0.330033003,2.5,114,0.660066007,5.902798233,7.258753202,2220,17.76852889,4873,39.00272131,3196,25.58027853,814,6.515127261,1391,11.13334401,17271,716,10.4663061,0,0,29,0.168184191,0,0,90,0.521950937,5,0.028997274,56,0.324769472,148,0.858319318,1052,15.37786873,362,2.095999074,24.82758621,604.6243689,39183,37361,935,5.413699265,216.9491525,121,0.700596375,-0.925818771,-776,-4.499,-160,1,0.005786367,40,0.232,500,2.893183659,968,5.612,0,0,16.32653061,25.27472527,-26.2195122,-4.085614977,962,3060,5972,6364,6237,6221,6302,6259,6127,6050,6006,6028,6062,5961,5781,5762,5717,5630,5929,5770,5656,5706,5617,5529,5475,5510,5618,5731,5660,5508,5483,5306,5353,435,467,565,596,642,598,575,496,410,331,301,273,279,411,277,5405,79.00891683,3.817816477,-3.8,-9.7,-6.2,-3.2,0.9,9.57803081,4.403884796,5.726724715,1.105157401,11.57066309,0.217682518,42.41460147,15.89082384,5.274614869,28.4,18.3,20326,1.967364888,1.113,0.040546803,28.56484272,17282,17622,1034,3181,27.38400228,18.02650957,6841,6841,17271,12494,17243,17250,17270,17034,17043,16820,16808,17007,17147,17290,17442,17263,3538,20.48520642,6.8,7.5,9.1,9.5,10.3,9.8,9.5,8.3,6.8,5.5,5,4.7,4.8,7.2,4.9,15729,91.07173875
"70",5137,"AR","Stone",3407,27.56695526,25,0.202281738,2.62,21,0.16991666,7.847771168,11.48538961,1394,15.37104422,3128,34.49112361,2181,24.04895799,1062,11.71022163,1304,14.37865255,12359,402,8.59341599,0,0,77,0.622775801,0,0,0,0,26,0.210287933,0,0,105,0.849239728,917,19.60239419,271,2.19273404,72.61146497,606.440375,37782,32813,627,5.073225989,213.5,87,0.703940448,-0.622775801,-448,-3.616,-77,0,0,-72,-0.581,194,1.569071498,565,4.56,0,0,-44.44444444,90.90909091,6.097560976,-4.407320349,703,2570,4031,4740,4683,4578,5517,5372,5071,4826,4735,4723,4748,4792,4787,4738,4624,4531,4466,4378,4179,5115,4916,4670,4430,4382,4432,4504,4562,4574,4519,4295,4303,274,305,399,402,456,401,396,353,291,244,230,213,219,329,228,3443,73.59982899,6.177127264,14.5,-3.6,-15.9,-5,0.2,8.260977425,3.225006202,8.633093525,1.215579261,9.030017365,1.686926321,44.23220045,13.54502605,3.994046142,34.7,20.8,20078,0.946295697,0.944,-0.282394707,20.37957977,12364,12481,837,2567,28.53084416,20.94368837,4678,4678,12359,9069,12364,12389,12500,12542,12423,12381,12386,12509,12520,12454,12506,12394,2479,20.05825714,5.8,6.5,8.7,7.3,8.5,7.9,8.2,7.5,6.2,5.1,4.8,4.4,4.6,7.1,5,11387,92.13528603
"71",5139,"AR","Union",7129,18.25421212,273,0.699032109,2.63,12670,32.44225944,8.024373939,8.77563967,3664,13.66960155,10177,37.9682137,5694,21.24309805,2338,8.72257872,4931,18.39650798,39054,2137,14.44797512,20,0.05093984,279,0.710610769,14,0.035657888,480,1.222556161,182,0.463552544,461,1.174163313,996,2.536804034,2094,14.15725779,1754,4.491217289,20.1369863,1039.067082,47315,46444,1618,4.142981513,209.9616858,108,0.276540175,-0.485549133,-167,-0.402,-189,-5,-0.012845215,-25,-0.06,-396,-1.01734104,-2724,-6.552,101,0.682847678,39.28571429,-7.342401638,-14.96062992,-10.95560221,2214,7203,15572,19204,19046,19089,17213,16952,16879,16740,16754,16999,16401,16093,15963,15796,15615,15025,17869,17845,17141,15321,15234,15383,15338,15545,15973,15504,15239,15097,14989,14310,14114,1335,1201,1948,1892,1718,1496,1402,1209,1026,897,854,866,807,1305,911,11025,74.53857075,1.496275366,-14.3,-21,-7.9,-4.5,-1.4,7.410737221,6.402517339,3.133829951,0.372463396,17.01130234,1.399948626,43.79013614,15.27742101,3.70536861,23.9,17.8,27072,-1.502890173,-6.954,-6.208122193,37.58563878,38925,38340,2166,6726,23.40875449,18.519566,14791,14791,39054,26804,39262,41573,41402,40861,40604,40136,40086,39879,39460,39139,38682,41639,9046,23.16280023,7,6.3,10.2,11,10.1,8.9,8.4,7.2,6,5.5,5.3,5.4,5.1,8.4,6.1,22904,58.64700159
"72",5141,"AR","Van Buren",4143,26.22815903,56,0.354520132,2.26,71,0.449480881,5.953672389,6.431398417,1754,14.94037479,4857,41.3713799,2342,19.94889267,877,7.470187394,1910,16.26916525,15796,844,12.14213782,0,0,32,0.201880008,0,0,87,0.548861271,27,0.170336256,8,0.050470002,155,0.977856287,1231,17.70968206,501,3.171689035,5.473684211,709.5625428,39629,40763,845,5.349455558,149.2625369,110,0.69637883,-1.103710752,-663,-3.83,-174,5,0.031715826,58,0.335,103,0.65334602,-102,-0.589,35,0.503524673,0,9.230769231,-2.654867257,-12.05625844,609,2758,5538,6964,6991,6997,6469,6735,6629,6530,6503,6453,6113,6040,5883,5781,5767,5803,6545,6533,6275,5768,6021,5980,5910,5988,6026,5692,5708,5577,5500,5354,5521,419,458,722,701,714,649,620,515,427,421,332,306,281,413,282,5358,77.08243418,1.787648971,-11.9,-15.6,-4.3,-2.7,3.1,7.56590827,5.778259299,3.972553268,0.198627663,10.05778259,2.34741784,45.68436259,12.09823041,10.5092091,27.1,17.1,23389,-0.450364732,-4.419,-8.667244868,22.26160352,15765,15694,778,2659,20.08575198,17.5993874,6951,6951,15796,11740,15851,17310,17214,17162,16985,16907,16808,16669,16552,16635,16545,17296,3018,19.10610281,6,6.6,10.3,10.8,10.6,9.8,9.5,7.9,6.6,6.9,5.5,5.2,4.9,7.2,4.9,14319,90.64953153
"73",5143,"AR","Washington",29524,12.00792285,5631,2.290225362,2.58,8330,3.387955473,7.207702069,6.143309648,20070,13.50287617,40952,27.55205705,28566,19.21889192,8887,5.979076261,50160,33.7470986,245871,10067,11.02278575,737,0.303550761,4442,1.829542038,186,0.076608469,15807,6.51048424,803,0.330734412,11148,4.591565655,26222,10.80014663,7766,8.50332315,44755,18.20263471,42.26905716,941.4708991,64218,56610,25820,10.50144181,353.0619407,2443,0.993610471,0.381088291,15414,7.555,940,170,0.068920223,4904,2.404,2455,0.9952891,19749,9.68,3659,4.006394464,28.7968893,42.93067948,13.41689879,6.655772986,10025,35974,118016,103418,102564,99100,102805,104405,105913,107521,111044,115733,118574,120668,122484,125000,125379,125728,99365,98272,92956,96374,98139,100201,101904,106301,111702,115300,117523,119317,121989,119532,122052,4053,4292,6144,6431,6266,5712,5617,4743,4031,3274,3145,3167,3011,5847,3676,49745,54.46791271,0.999864425,-3,22.8,26.6,-2,2.1,8.63103308,4.339242137,2.764031996,1.178653742,12.42712852,0.113543926,49.01623509,15.03355477,5.49671231,15.2,12.4,31380,1.376377391,17.235,21.07994977,261.1562399,246662,250057,8882,30035,17.16462632,15.31812337,91329,91329,245871,148635,242793,204024,208051,211756,216000,219941,224434,228482,232732,236611,239187,203050,58202,23.67176283,3.9,4.2,6.2,6.3,6,5.4,5.2,4.3,3.5,2.8,2.6,2.6,2.4,4.7,2.9,160566,65.304977
"74",5145,"AR","White",12570,16.36250033,616,0.801853636,2.57,3677,4.786389316,6.230364356,8.136261261,7126,14.21419025,20258,40.40851335,8472,16.89904853,4103,8.184229948,10174,20.29401791,76822,3702,12.94450855,56,0.072656503,508,0.659098281,6,0.007784625,1200,1.556925073,187,0.242620824,883,1.145637366,2064,2.677911126,3335,11.6612469,3499,4.554684856,21.5352553,1034.0787,51660,46345,5098,6.636119861,260.5374823,319,0.415245633,-0.244759797,1158,1.497,-188,8,0.010415311,262,0.339,585,0.761619581,239,0.309,123,0.430084968,49.8783455,21.23310254,-24.94117647,-6.755425492,3396,11219,31909,31667,32864,33917,36409,36645,36432,35304,34720,34681,34092,33628,33604,33937,34020,33712,29556,30920,31176,33516,33620,33682,32619,32332,32557,32318,32090,32156,32452,31880,32361,2111,1944,2741,2893,3025,2750,2685,2388,2124,1774,1538,1448,1485,2140,1351,19386,67.78558691,1.137610079,13.4,9.5,-3.4,-1.8,1.5,8.213983516,3.867247485,2.055846313,1.065530101,12.06556144,0.980914476,47.52577643,15.73850638,7.349023786,20.6,16.3,25535,0.516859784,1.806,-0.329544865,74.29028374,76810,77207,3602,12106,19.12162162,15.25834047,28599,28599,76822,50133,77075,77356,78083,78641,78567,78471,78915,78917,78844,78381,78753,77086,17887,23.28369477,6.7,5.9,8.1,7.9,8.3,7.5,7.6,6.9,6.1,5.2,4.6,4.3,4.4,6.3,4,64363,83.78198953
"75",5147,"AR","Woodruff",1509,24.07082469,22,0.350933163,2.37,1601,25.53836338,9.092393079,18.1531176,785,17.55759338,1929,43.14471036,669,14.9630955,368,8.230820845,720,16.10377992,6269,369,14.00911162,0,0,0,0,0,0,0,0,0,0,0,0,11,0.173693352,400,15.18602885,96,1.531344712,10.34482759,585.965223,37331,43717,318,5.072579359,205.7692308,8,0.127612059,-0.903225806,-223,-3.082,-56,0,0,0,0,-28,-0.451612903,-693,-9.577,0,0,46.66666667,-19.5072901,-52.94117647,-15.98889109,394,1276,2665,3494,3474,3353,3621,3540,3393,3254,3189,3043,2974,2925,2800,2770,2826,2790,3185,3198,2988,3258,3170,3061,2953,2952,2851,2811,2783,2670,2628,2661,2651,309,276,365,363,370,332,301,237,192,163,142,130,142,165,139,1851,70.27334852,8.105065666,2.3,-16.8,-18.6,1.3,-0.4,3.489681051,7.279549719,5.253283302,0.450281426,13.69606004,0.150093809,40.0750469,13.62101313,7.879924953,33.7,25.2,27219,-1.35483871,-12.659,-13.65013774,10.69858714,6200,6116,434,1514,31.09707972,20.82925237,2634,2634,6269,4471,6333,7236,7164,7052,7018,6860,6706,6600,6575,6466,6320,7264,1316,20.99218376,8.8,7.9,10.9,10,10.5,9.8,9.3,7.4,6.3,5.5,4.9,4.6,5.1,5.8,5,4235,67.55463391
"76",5149,"AR","Yell",3581,17.67260524,202,0.996890885,2.67,226,1.115333366,6.35898455,9.534596376,3135,22.54584682,5240,37.68428623,2739,19.69795038,838,6.026609133,1953,14.04530744,20263,943,12.50497282,0,0,117,0.571038118,0,0,1864,9.097564547,18,0.087852018,1374,6.706037386,2019,9.854068037,889,11.78888742,4204,20.74717465,-0.61465721,930.2106388,48526,51070,1728,8.527858659,345.3608247,111,0.547796476,-0.133557578,201,0.908,-27,5,0.024732885,199,0.899,-34,-0.168183617,-1006,-4.543,370,4.906511073,-27.3381295,-21.52777778,-12.5984252,-13.57226792,912,2781,9120,10500,10517,10599,9722,9604,9326,9142,9128,9001,8700,8558,8484,8391,7933,7831,10043,10045,9740,8967,8921,8725,8559,8627,8551,8311,8211,8134,8063,7526,7520,457,472,859,755,683,601,583,501,450,389,347,350,328,407,311,5164,68.47898157,5.899122807,-10.7,-25.1,-16.1,-6.7,-0.1,6.436403509,2.872807018,3.092105263,1.315789474,21.66666667,0.855263158,39.78070175,11.29385965,6.787280702,21.5,15.1,24771,-0.301741195,-3.635,-8.663511382,21.78323828,20216,20155,1027,2996,18.78088962,13.81588753,7541,7541,20263,13905,20489,22146,21964,21824,21819,21768,21506,21502,21509,21462,21341,22183,4937,24.36460544,4.4,4.5,8.1,7.8,7.1,6.4,6.4,5.5,5,4.5,4.1,4.1,3.9,5.1,4,14710,72.59537087
